	PC1	PC2	Group
barcode01_barcode01_clean	-0.11211712930218685	-0.3933428459258574	Empresarial
barcode06_barcode06_clean	-0.25079136312273276	-0.08302052826164233	Campesina
barcode07_barcode07_clean	-0.278285859313137	0.4029759851526422	Empresarial
barcode08_barcode08_clean	-0.1707998233798313	0.43360001703164647	Campesina
barcode09_barcode09_clean	-0.29738331804202595	0.03213002467012285	Campesina
barcode10_barcode10_clean	-0.03297180457680812	-0.2998043314402783	Agroecológica
barcode12_barcode12_clean	0.40051161035306904	0.19248104928042273	Empresarial
barcode13_barcode13_clean	0.5878224191153391	0.07452104161953998	Empresarial
barcode14_barcode14_clean	0.3587230264384351	0.0020675352913029745	Agroecológica
barcode18_barcode18_clean	0.5805648546610093	0.05965749019158922	Agroecológica
barcode19_barcode19_clean	0.5369638798445386	0.08781507760225335	Campesina
barcode20_barcode20_clean	0.5763641700216022	0.06603779743720337	Campesina
barcode21_barcode21_clean	-0.2257570180740874	0.33969753949707787	Campesina
barcode23_barcode23_clean	-0.23574050269239677	-0.07210070219712438	Campesina
barcode25_barcode25_clean	-0.22894599253227674	-0.24774588215792817	Campesina
barcode30_barcode30_clean	-0.3414916263287787	0.20727530441688213	Empresarial
barcode31_barcode31_clean	-0.28595536339851757	0.40479761666164743	Campesina
barcode33_barcode33_clean	-0.12480226695913417	-0.208958436126548	Empresarial
barcode35_barcode35_clean	-0.1425702684576443	0.4139698391067537	Campesina
barcode36_barcode36_clean	0.07235349171746079	-0.23244824781817416	Empresarial
barcode40_barcode40_clean	-0.13635370688071458	-0.4221096915322273	Agroecológica
barcode56_barcode56_clean	-0.1379901034274993	-0.1039907372978314	Agroecológica
barcode59_barcode59_clean	-0.033659024858328584	-0.22878615723580814	Campesina
barcode62_barcode62_clean	-0.1359950904228148	-0.39210034281377965	Campesina
barcode63_barcode63_clean	0.5725160267768573	0.06958352670999335	Campesina
barcode64_barcode64_clean	-0.2855374583044387	0.1765663210705602	Empresarial
barcode70_barcode70_clean	0.07378716671901676	-0.2337239390970315	Empresarial
barcode72_barcode72_clean	-0.3024589255739753	-0.04504432383540802	Empresarial
