Run,amplicon_target,Assay Type,AvgSpotLen,Bases,BioProject,BioSample,BioSampleModel,Bytes,Center Name,Collection_Date,collection_method,Consent,crop_rotation,DATASTORE filetype,DATASTORE provider,DATASTORE region,Depth,elev,env_broad_scale,env_local_scale,env_medium,Experiment,geo_loc_name_country,geo_loc_name_country_continent,geo_loc_name,Instrument,lat_lon,Library Name,LibraryLayout,LibrarySelection,LibrarySource,Organism,Platform,plot,ReleaseDate,create_date,version,Sample Name,sample_type,sampling_week,SRA Study
SRR26147154,bacteria,AMPLICON,1438,42508376,PRJNA1020132,SAMN37514128,"MIMARKS.survey,MIGS/MIMS/MIMARKS.soil",39789184,USDA-ARS,2020-07-07,ingrowth bag,public,CSCS,"fastq,sra","gs,ncbi,s3","gs.us-east1,ncbi.public,s3.us-east-1",2.5-7cm,507m,terrestrial; soil,agricultural field,soil,SRX21859761,USA,North America,"USA: South Dakota\, Brookings",MinION,44.352826 N 96.804875 W,sterile_sentinels_lib29,SINGLE,PCR,GENOMIC,soil metagenome,OXFORD_NANOPORE,113,2023-09-22T00:00:00Z,2023-09-22T14:45:00Z,1,S2A1_bac,bag,week2,SRP462681
SRR26147165,bacteria,AMPLICON,1444,42585556,PRJNA1020132,SAMN37514127,"MIMARKS.survey,MIGS/MIMS/MIMARKS.soil",39824748,USDA-ARS,2020-06-30,soil core,public,CSCS,"fastq,sra","gs,ncbi,s3","gs.us-east1,ncbi.public,s3.us-east-1",2.5-7cm,507m,terrestrial; soil,agricultural field,soil,SRX21859750,USA,North America,"USA: South Dakota\, Brookings",MinION,44.352826 N 96.804875 W,sterile_sentinels_lib28,SINGLE,PCR,GENOMIC,soil metagenome,OXFORD_NANOPORE,427,2023-09-22T00:00:00Z,2023-09-22T14:46:00Z,1,S1U8_bac,bulk,week1,SRP462681
SRR26147176,bacteria,AMPLICON,1446,31823442,PRJNA1020132,SAMN37514126,"MIMARKS.survey,MIGS/MIMS/MIMARKS.soil",29777038,USDA-ARS,2020-06-30,soil core,public,CSSwP,"fastq,sra","gs,ncbi,s3","gs.us-east1,ncbi.public,s3.us-east-1",2.5-7cm,507m,terrestrial; soil,agricultural field,soil,SRX21859739,USA,North America,"USA: South Dakota\, Brookings",MinION,44.352826 N 96.804875 W,sterile_sentinels_lib27,SINGLE,PCR,GENOMIC,soil metagenome,OXFORD_NANOPORE,426,2023-09-22T00:00:00Z,2023-09-22T14:45:00Z,1,S1U7_bac,bulk,week1,SRP462681
SRR26147181,bacteria,AMPLICON,1444,21586588,PRJNA1020132,SAMN37514158,"MIMARKS.survey,MIGS/MIMS/MIMARKS.soil",20223606,USDA-ARS,2020-07-22,soil core,public,CSSwP,"fastq,sra","gs,ncbi,s3","gs.us-east1,ncbi.public,s3.us-east-1",2.5-7cm,507m,terrestrial; soil,agricultural field,soil,SRX21859734,USA,North America,"USA: South Dakota\, Brookings",MinION,44.352826 N 96.804875 W,sterile_sentinels_lib59,SINGLE,PCR,GENOMIC,soil metagenome,OXFORD_NANOPORE,426,2023-09-22T00:00:00Z,2023-09-22T14:45:00Z,1,S3U7_bac,bulk,week3,SRP462681
SRR26147182,bacteria,AMPLICON,1444,52239557,PRJNA1020132,SAMN37514157,"MIMARKS.survey,MIGS/MIMS/MIMARKS.soil",48834858,USDA-ARS,2020-07-22,soil core,public,CSSwP,"fastq,sra","gs,ncbi,s3","gs.us-east1,ncbi.public,s3.us-east-1",2.5-7cm,507m,terrestrial; soil,agricultural field,soil,SRX21859733,USA,North America,"USA: South Dakota\, Brookings",MinION,44.352826 N 96.804875 W,sterile_sentinels_lib58,SINGLE,PCR,GENOMIC,soil metagenome,OXFORD_NANOPORE,314,2023-09-22T00:00:00Z,2023-09-22T14:46:00Z,1,S3U6_bac,bulk,week3,SRP462681
SRR26147183,bacteria,AMPLICON,1443,41208464,PRJNA1020132,SAMN37514156,"MIMARKS.survey,MIGS/MIMS/MIMARKS.soil",38545124,USDA-ARS,2020-07-22,soil core,public,CSCS,"fastq,sra","gs,ncbi,s3","gs.us-east1,ncbi.public,s3.us-east-1",2.5-7cm,507m,terrestrial; soil,agricultural field,soil,SRX21860102,USA,North America,"USA: South Dakota\, Brookings",MinION,44.352826 N 96.804875 W,sterile_sentinels_lib57,SINGLE,PCR,GENOMIC,soil metagenome,OXFORD_NANOPORE,310,2023-09-22T00:00:00Z,2023-09-22T14:46:00Z,1,S3U5_bac,bulk,week3,SRP462681
SRR26147184,bacteria,AMPLICON,1446,46365466,PRJNA1020132,SAMN37514155,"MIMARKS.survey,MIGS/MIMS/MIMARKS.soil",43353499,USDA-ARS,2020-07-22,soil core,public,CSCS,"fastq,sra","gs,ncbi,s3","gs.us-east1,ncbi.public,s3.us-east-1",2.5-7cm,507m,terrestrial; soil,agricultural field,soil,SRX21860101,USA,North America,"USA: South Dakota\, Brookings",MinION,44.352826 N 96.804875 W,sterile_sentinels_lib56,SINGLE,PCR,GENOMIC,soil metagenome,OXFORD_NANOPORE,230,2023-09-22T00:00:00Z,2023-09-22T14:45:00Z,1,S3U4_bac,bulk,week3,SRP462681
SRR26147185,bacteria,AMPLICON,1447,50532324,PRJNA1020132,SAMN37514154,"MIMARKS.survey,MIGS/MIMS/MIMARKS.soil",47247255,USDA-ARS,2020-07-22,soil core,public,CSSwP,"fastq,sra","gs,ncbi,s3","gs.us-east1,ncbi.public,s3.us-east-1",2.5-7cm,507m,terrestrial; soil,agricultural field,soil,SRX21860100,USA,North America,"USA: South Dakota\, Brookings",MinION,44.352826 N 96.804875 W,sterile_sentinels_lib55,SINGLE,PCR,GENOMIC,soil metagenome,OXFORD_NANOPORE,213,2023-09-22T00:00:00Z,2023-09-22T14:46:00Z,1,S3U3_bac,bulk,week3,SRP462681
SRR26147186,bacteria,AMPLICON,1448,52035176,PRJNA1020132,SAMN37514153,"MIMARKS.survey,MIGS/MIMS/MIMARKS.soil",48671905,USDA-ARS,2020-07-22,soil core,public,CSSwP,"fastq,sra","gs,ncbi,s3","gs.us-east1,ncbi.public,s3.us-east-1",2.5-7cm,507m,terrestrial; soil,agricultural field,soil,SRX21860099,USA,North America,"USA: South Dakota\, Brookings",MinION,44.352826 N 96.804875 W,sterile_sentinels_lib54,SINGLE,PCR,GENOMIC,soil metagenome,OXFORD_NANOPORE,118,2023-09-22T00:00:00Z,2023-09-22T14:45:00Z,1,S3U2_bac,bulk,week3,SRP462681
SRR26147187,bacteria,AMPLICON,1448,47191668,PRJNA1020132,SAMN37514152,"MIMARKS.survey,MIGS/MIMS/MIMARKS.soil",44117052,USDA-ARS,2020-07-22,soil core,public,CSCS,"fastq,sra","gs,ncbi,s3","gs.us-east1,ncbi.public,s3.us-east-1",2.5-7cm,507m,terrestrial; soil,agricultural field,soil,SRX21860098,USA,North America,"USA: South Dakota\, Brookings",MinION,44.352826 N 96.804875 W,sterile_sentinels_lib53,SINGLE,PCR,GENOMIC,soil metagenome,OXFORD_NANOPORE,113,2023-09-22T00:00:00Z,2023-09-22T14:46:00Z,1,S3U1_bac,bulk,week3,SRP462681
SRR26147188,bacteria,AMPLICON,1441,43214686,PRJNA1020132,SAMN37514151,"MIMARKS.survey,MIGS/MIMS/MIMARKS.soil",40440447,USDA-ARS,2020-07-22,ingrowth bag,public,CSCS,"fastq,sra","gs,ncbi,s3","gs.us-east1,ncbi.public,s3.us-east-1",2.5-7cm,507m,terrestrial; soil,agricultural field,soil,SRX21860097,USA,North America,"USA: South Dakota\, Brookings",MinION,44.352826 N 96.804875 W,sterile_sentinels_lib52,SINGLE,PCR,GENOMIC,soil metagenome,OXFORD_NANOPORE,427,2023-09-22T00:00:00Z,2023-09-22T14:46:00Z,1,S3A8_bac,bag,week3,SRP462681
SRR26147189,bacteria,AMPLICON,1439,33538140,PRJNA1020132,SAMN37514106,"MIMARKS.survey,MIGS/MIMS/MIMARKS.soil",31390829,USDA-ARS,2020-06-23,soil core,public,CSSwP,"fastq,sra","gs,ncbi,s3","gs.us-east1,ncbi.public,s3.us-east-1",2.5-7cm,507m,terrestrial; soil,agricultural field,soil,SRX21860096,USA,North America,"USA: South Dakota\, Brookings",MinION,44.352826 N 96.804875 W,sterile_sentinels_lib7,SINGLE,PCR,GENOMIC,soil metagenome,OXFORD_NANOPORE,213,2023-09-22T00:00:00Z,2023-09-22T14:46:00Z,1,S0U3_bac,bulk,week0,SRP462681
SRR26147190,bacteria,AMPLICON,1432,29416058,PRJNA1020132,SAMN37514150,"MIMARKS.survey,MIGS/MIMS/MIMARKS.soil",27551209,USDA-ARS,2020-07-22,ingrowth bag,public,CSSwP,"fastq,sra","gs,ncbi,s3","gs.us-east1,ncbi.public,s3.us-east-1",2.5-7cm,507m,terrestrial; soil,agricultural field,soil,SRX21860095,USA,North America,"USA: South Dakota\, Brookings",MinION,44.352826 N 96.804875 W,sterile_sentinels_lib51,SINGLE,PCR,GENOMIC,soil metagenome,OXFORD_NANOPORE,426,2023-09-22T00:00:00Z,2023-09-22T14:45:00Z,1,S3A7_bac,bag,week3,SRP462681
SRR26147191,bacteria,AMPLICON,1431,39481051,PRJNA1020132,SAMN37514149,"MIMARKS.survey,MIGS/MIMS/MIMARKS.soil",36961110,USDA-ARS,2020-07-22,ingrowth bag,public,CSSwP,"fastq,sra","gs,ncbi,s3","gs.us-east1,ncbi.public,s3.us-east-1",2.5-7cm,507m,terrestrial; soil,agricultural field,soil,SRX21860094,USA,North America,"USA: South Dakota\, Brookings",MinION,44.352826 N 96.804875 W,sterile_sentinels_lib50,SINGLE,PCR,GENOMIC,soil metagenome,OXFORD_NANOPORE,314,2023-09-22T00:00:00Z,2023-09-22T14:45:00Z,1,S3A6_bac,bag,week3,SRP462681
SRR26147192,bacteria,AMPLICON,1438,36685962,PRJNA1020132,SAMN37514148,"MIMARKS.survey,MIGS/MIMS/MIMARKS.soil",34366457,USDA-ARS,2020-07-22,ingrowth bag,public,CSCS,"fastq,sra","gs,ncbi,s3","gs.us-east1,ncbi.public,s3.us-east-1",2.5-7cm,507m,terrestrial; soil,agricultural field,soil,SRX21860093,USA,North America,"USA: South Dakota\, Brookings",MinION,44.352826 N 96.804875 W,sterile_sentinels_lib49,SINGLE,PCR,GENOMIC,soil metagenome,OXFORD_NANOPORE,310,2023-09-22T00:00:00Z,2023-09-22T14:46:00Z,1,S3A5_bac,bag,week3,SRP462681
SRR26147193,bacteria,AMPLICON,1427,41444013,PRJNA1020132,SAMN37514147,"MIMARKS.survey,MIGS/MIMS/MIMARKS.soil",38797808,USDA-ARS,2020-07-22,ingrowth bag,public,CSCS,"fastq,sra","gs,ncbi,s3","gs.us-east1,ncbi.public,s3.us-east-1",2.5-7cm,507m,terrestrial; soil,agricultural field,soil,SRX21860092,USA,North America,"USA: South Dakota\, Brookings",MinION,44.352826 N 96.804875 W,sterile_sentinels_lib48,SINGLE,PCR,GENOMIC,soil metagenome,OXFORD_NANOPORE,230,2023-09-22T00:00:00Z,2023-09-22T14:46:00Z,1,S3A4_bac,bag,week3,SRP462681
SRR26147194,bacteria,AMPLICON,1427,43572652,PRJNA1020132,SAMN37514146,"MIMARKS.survey,MIGS/MIMS/MIMARKS.soil",40803241,USDA-ARS,2020-07-22,ingrowth bag,public,CSSwP,"fastq,sra","gs,ncbi,s3","gs.us-east1,ncbi.public,s3.us-east-1",2.5-7cm,507m,terrestrial; soil,agricultural field,soil,SRX21860091,USA,North America,"USA: South Dakota\, Brookings",MinION,44.352826 N 96.804875 W,sterile_sentinels_lib47,SINGLE,PCR,GENOMIC,soil metagenome,OXFORD_NANOPORE,213,2023-09-22T00:00:00Z,2023-09-22T14:46:00Z,1,S3A3_bac,bag,week3,SRP462681
SRR26147195,bacteria,AMPLICON,1437,46330311,PRJNA1020132,SAMN37514145,"MIMARKS.survey,MIGS/MIMS/MIMARKS.soil",43355972,USDA-ARS,2020-07-22,ingrowth bag,public,CSSwP,"fastq,sra","gs,ncbi,s3","gs.us-east1,ncbi.public,s3.us-east-1",2.5-7cm,507m,terrestrial; soil,agricultural field,soil,SRX21860090,USA,North America,"USA: South Dakota\, Brookings",MinION,44.352826 N 96.804875 W,sterile_sentinels_lib46,SINGLE,PCR,GENOMIC,soil metagenome,OXFORD_NANOPORE,118,2023-09-22T00:00:00Z,2023-09-22T14:46:00Z,1,S3A2_bac,bag,week3,SRP462681
SRR26147196,bacteria,AMPLICON,1438,43621574,PRJNA1020132,SAMN37514144,"MIMARKS.survey,MIGS/MIMS/MIMARKS.soil",40837553,USDA-ARS,2020-07-22,ingrowth bag,public,CSCS,"fastq,sra","gs,ncbi,s3","gs.us-east1,ncbi.public,s3.us-east-1",2.5-7cm,507m,terrestrial; soil,agricultural field,soil,SRX21860089,USA,North America,"USA: South Dakota\, Brookings",MinION,44.352826 N 96.804875 W,sterile_sentinels_lib45,SINGLE,PCR,GENOMIC,soil metagenome,OXFORD_NANOPORE,113,2023-09-22T00:00:00Z,2023-09-22T14:45:00Z,1,S3A1_bac,bag,week3,SRP462681
SRR26147197,bacteria,AMPLICON,1439,59621120,PRJNA1020132,SAMN37514143,"MIMARKS.survey,MIGS/MIMS/MIMARKS.soil",55742433,USDA-ARS,2020-07-07,soil core,public,CSCS,"fastq,sra","gs,ncbi,s3","gs.us-east1,ncbi.public,s3.us-east-1",2.5-7cm,507m,terrestrial; soil,agricultural field,soil,SRX21860088,USA,North America,"USA: South Dakota\, Brookings",MinION,44.352826 N 96.804875 W,sterile_sentinels_lib44,SINGLE,PCR,GENOMIC,soil metagenome,OXFORD_NANOPORE,427,2023-09-22T00:00:00Z,2023-09-22T14:46:00Z,1,S2U8_bac,bulk,week2,SRP462681
SRR26147198,bacteria,AMPLICON,1444,27002562,PRJNA1020132,SAMN37514142,"MIMARKS.survey,MIGS/MIMS/MIMARKS.soil",25282686,USDA-ARS,2020-07-07,soil core,public,CSSwP,"fastq,sra","gs,ncbi,s3","gs.us-east1,ncbi.public,s3.us-east-1",2.5-7cm,507m,terrestrial; soil,agricultural field,soil,SRX21860087,USA,North America,"USA: South Dakota\, Brookings",MinION,44.352826 N 96.804875 W,sterile_sentinels_lib43,SINGLE,PCR,GENOMIC,soil metagenome,OXFORD_NANOPORE,426,2023-09-22T00:00:00Z,2023-09-22T14:45:00Z,1,S2U7_bac,bulk,week2,SRP462681
SRR26147199,bacteria,AMPLICON,1441,34133854,PRJNA1020132,SAMN37514141,"MIMARKS.survey,MIGS/MIMS/MIMARKS.soil",31945702,USDA-ARS,2020-07-07,soil core,public,CSSwP,"fastq,sra","gs,ncbi,s3","gs.us-east1,ncbi.public,s3.us-east-1",2.5-7cm,507m,terrestrial; soil,agricultural field,soil,SRX21860086,USA,North America,"USA: South Dakota\, Brookings",MinION,44.352826 N 96.804875 W,sterile_sentinels_lib42,SINGLE,PCR,GENOMIC,soil metagenome,OXFORD_NANOPORE,314,2023-09-22T00:00:00Z,2023-09-22T14:45:00Z,1,S2U6_bac,bulk,week2,SRP462681
SRR26147200,bacteria,AMPLICON,1442,42314536,PRJNA1020132,SAMN37514105,"MIMARKS.survey,MIGS/MIMS/MIMARKS.soil",39587922,USDA-ARS,2020-06-23,soil core,public,CSSwP,"fastq,sra","gs,ncbi,s3","gs.us-east1,ncbi.public,s3.us-east-1",2.5-7cm,507m,terrestrial; soil,agricultural field,soil,SRX21860085,USA,North America,"USA: South Dakota\, Brookings",MinION,44.352826 N 96.804875 W,sterile_sentinels_lib6,SINGLE,PCR,GENOMIC,soil metagenome,OXFORD_NANOPORE,118,2023-09-22T00:00:00Z,2023-09-22T14:46:00Z,1,S0U2_bac,bulk,week0,SRP462681
SRR26147201,bacteria,AMPLICON,1443,58764306,PRJNA1020132,SAMN37514140,"MIMARKS.survey,MIGS/MIMS/MIMARKS.soil",54938984,USDA-ARS,2020-07-07,soil core,public,CSCS,"fastq,sra","gs,ncbi,s3","gs.us-east1,ncbi.public,s3.us-east-1",2.5-7cm,507m,terrestrial; soil,agricultural field,soil,SRX21860084,USA,North America,"USA: South Dakota\, Brookings",MinION,44.352826 N 96.804875 W,sterile_sentinels_lib41,SINGLE,PCR,GENOMIC,soil metagenome,OXFORD_NANOPORE,310,2023-09-22T00:00:00Z,2023-09-22T14:46:00Z,1,S2U5_bac,bulk,week2,SRP462681
SRR26147202,bacteria,AMPLICON,1443,36452689,PRJNA1020132,SAMN37514139,"MIMARKS.survey,MIGS/MIMS/MIMARKS.soil",34099312,USDA-ARS,2020-07-07,soil core,public,CSCS,"fastq,sra","gs,ncbi,s3","gs.us-east1,ncbi.public,s3.us-east-1",2.5-7cm,507m,terrestrial; soil,agricultural field,soil,SRX21860083,USA,North America,"USA: South Dakota\, Brookings",MinION,44.352826 N 96.804875 W,sterile_sentinels_lib40,SINGLE,PCR,GENOMIC,soil metagenome,OXFORD_NANOPORE,230,2023-09-22T00:00:00Z,2023-09-22T14:45:00Z,1,S2U4_bac,bulk,week2,SRP462681
SRR26147203,bacteria,AMPLICON,1451,25991370,PRJNA1020132,SAMN37514138,"MIMARKS.survey,MIGS/MIMS/MIMARKS.soil",24331351,USDA-ARS,2020-07-07,soil core,public,CSSwP,"fastq,sra","gs,ncbi,s3","gs.us-east1,ncbi.public,s3.us-east-1",2.5-7cm,507m,terrestrial; soil,agricultural field,soil,SRX21860082,USA,North America,"USA: South Dakota\, Brookings",MinION,44.352826 N 96.804875 W,sterile_sentinels_lib39,SINGLE,PCR,GENOMIC,soil metagenome,OXFORD_NANOPORE,213,2023-09-22T00:00:00Z,2023-09-22T14:45:00Z,1,S2U3_bac,bulk,week2,SRP462681
SRR26147216,bacteria,AMPLICON,1432,41539929,PRJNA1020132,SAMN37514131,"MIMARKS.survey,MIGS/MIMS/MIMARKS.soil",38870592,USDA-ARS,2020-07-07,ingrowth bag,public,CSCS,"fastq,sra","gs,ncbi,s3","gs.us-east1,ncbi.public,s3.us-east-1",2.5-7cm,507m,terrestrial; soil,agricultural field,soil,SRX21860069,USA,North America,"USA: South Dakota\, Brookings",MinION,44.352826 N 96.804875 W,sterile_sentinels_lib32,SINGLE,PCR,GENOMIC,soil metagenome,OXFORD_NANOPORE,230,2023-09-22T00:00:00Z,2023-09-22T14:46:00Z,1,S2A4_bac,bag,week2,SRP462681
SRR26147217,bacteria,AMPLICON,1442,37834761,PRJNA1020132,SAMN37514104,"MIMARKS.survey,MIGS/MIMS/MIMARKS.soil",35399783,USDA-ARS,2020-06-23,soil core,public,CSCS,"fastq,sra","gs,ncbi,s3","gs.us-east1,ncbi.public,s3.us-east-1",2.5-7cm,507m,terrestrial; soil,agricultural field,soil,SRX21860068,USA,North America,"USA: South Dakota\, Brookings",MinION,44.352826 N 96.804875 W,sterile_sentinels_lib5,SINGLE,PCR,GENOMIC,soil metagenome,OXFORD_NANOPORE,113,2023-09-22T00:00:00Z,2023-09-22T14:45:00Z,1,S0U1_bac,bulk,week0,SRP462681
SRR26147228,bacteria,AMPLICON,1428,44280589,PRJNA1020132,SAMN37514130,"MIMARKS.survey,MIGS/MIMS/MIMARKS.soil",41444942,USDA-ARS,2020-07-07,ingrowth bag,public,CSSwP,"fastq,sra","gs,ncbi,s3","gs.us-east1,ncbi.public,s3.us-east-1",2.5-7cm,507m,terrestrial; soil,agricultural field,soil,SRX21860057,USA,North America,"USA: South Dakota\, Brookings",MinION,44.352826 N 96.804875 W,sterile_sentinels_lib31,SINGLE,PCR,GENOMIC,soil metagenome,OXFORD_NANOPORE,213,2023-09-22T00:00:00Z,2023-09-22T14:46:00Z,1,S2A3_bac,bag,week2,SRP462681
SRR26147239,bacteria,AMPLICON,1431,44646012,PRJNA1020132,SAMN37514129,"MIMARKS.survey,MIGS/MIMS/MIMARKS.soil",41790745,USDA-ARS,2020-07-07,ingrowth bag,public,CSSwP,"fastq,sra","gs,ncbi,s3","gs.us-east1,ncbi.public,s3.us-east-1",2.5-7cm,507m,terrestrial; soil,agricultural field,soil,SRX21860046,USA,North America,"USA: South Dakota\, Brookings",MinION,44.352826 N 96.804875 W,sterile_sentinels_lib30,SINGLE,PCR,GENOMIC,soil metagenome,OXFORD_NANOPORE,118,2023-09-22T00:00:00Z,2023-09-22T14:46:00Z,1,S2A2_bac,bag,week2,SRP462681
SRR26147254,bacteria,AMPLICON,1429,30682044,PRJNA1020132,SAMN37514119,"MIMARKS.survey,MIGS/MIMS/MIMARKS.soil",28740051,USDA-ARS,2020-06-30,ingrowth bag,public,CSCS,"fastq,sra","gs,ncbi,s3","gs.us-east1,ncbi.public,s3.us-east-1",2.5-7cm,507m,terrestrial; soil,agricultural field,soil,SRX21860031,USA,North America,"USA: South Dakota\, Brookings",MinION,44.352826 N 96.804875 W,sterile_sentinels_lib20,SINGLE,PCR,GENOMIC,soil metagenome,OXFORD_NANOPORE,427,2023-09-22T00:00:00Z,2023-09-22T14:45:00Z,1,S1A8_bac,bag,week1,SRP462681
SRR26147265,bacteria,AMPLICON,1421,31604135,PRJNA1020132,SAMN37514118,"MIMARKS.survey,MIGS/MIMS/MIMARKS.soil",29616756,USDA-ARS,2020-06-30,ingrowth bag,public,CSSwP,"fastq,sra","gs,ncbi,s3","gs.us-east1,ncbi.public,s3.us-east-1",2.5-7cm,507m,terrestrial; soil,agricultural field,soil,SRX21860020,USA,North America,"USA: South Dakota\, Brookings",MinION,44.352826 N 96.804875 W,sterile_sentinels_lib19,SINGLE,PCR,GENOMIC,soil metagenome,OXFORD_NANOPORE,426,2023-09-22T00:00:00Z,2023-09-22T14:46:00Z,1,S1A7_bac,bag,week1,SRP462681
SRR26147276,bacteria,AMPLICON,1428,60294554,PRJNA1020132,SAMN37514117,"MIMARKS.survey,MIGS/MIMS/MIMARKS.soil",56418167,USDA-ARS,2020-06-30,ingrowth bag,public,CSSwP,"fastq,sra","gs,ncbi,s3","gs.us-east1,ncbi.public,s3.us-east-1",2.5-7cm,507m,terrestrial; soil,agricultural field,soil,SRX21860009,USA,North America,"USA: South Dakota\, Brookings",MinION,44.352826 N 96.804875 W,sterile_sentinels_lib18,SINGLE,PCR,GENOMIC,soil metagenome,OXFORD_NANOPORE,314,2023-09-22T00:00:00Z,2023-09-22T14:46:00Z,1,S1A6_bac,bag,week1,SRP462681
SRR26147286,bacteria,AMPLICON,1433,20451980,PRJNA1020132,SAMN37514191,"MIMARKS.survey,MIGS/MIMS/MIMARKS.soil",19161087,USDA-ARS,2020-09-14,soil core,public,CSCS,"fastq,sra","gs,ncbi,s3","gs.us-east1,ncbi.public,s3.us-east-1",2.5-7cm,507m,terrestrial; soil,agricultural field,soil,SRX21859999,USA,North America,"USA: South Dakota\, Brookings",MinION,44.352826 N 96.804875 W,sterile_sentinels_lib92,SINGLE,PCR,GENOMIC,soil metagenome,OXFORD_NANOPORE,427,2023-09-22T00:00:00Z,2023-09-22T14:45:00Z,1,S5U8_bac,bulk,week5,SRP462681
SRR26147287,bacteria,AMPLICON,1446,29024181,PRJNA1020132,SAMN37514110,"MIMARKS.survey,MIGS/MIMS/MIMARKS.soil",27163435,USDA-ARS,2020-06-23,soil core,public,CSSwP,"fastq,sra","gs,ncbi,s3","gs.us-east1,ncbi.public,s3.us-east-1",2.5-7cm,507m,terrestrial; soil,agricultural field,soil,SRX21859998,USA,North America,"USA: South Dakota\, Brookings",MinION,44.352826 N 96.804875 W,sterile_sentinels_lib11,SINGLE,PCR,GENOMIC,soil metagenome,OXFORD_NANOPORE,426,2023-09-22T00:00:00Z,2023-09-22T14:45:00Z,1,S0U7_bac,bulk,week0,SRP462681
SRR26147288,bacteria,AMPLICON,1442,40417934,PRJNA1020132,SAMN37514190,"MIMARKS.survey,MIGS/MIMS/MIMARKS.soil",37794931,USDA-ARS,2020-09-14,soil core,public,CSSwP,"fastq,sra","gs,ncbi,s3","gs.us-east1,ncbi.public,s3.us-east-1",2.5-7cm,507m,terrestrial; soil,agricultural field,soil,SRX21859997,USA,North America,"USA: South Dakota\, Brookings",MinION,44.352826 N 96.804875 W,sterile_sentinels_lib91,SINGLE,PCR,GENOMIC,soil metagenome,OXFORD_NANOPORE,426,2023-09-22T00:00:00Z,2023-09-22T14:46:00Z,1,S5U7_bac,bulk,week5,SRP462681
SRR26147289,bacteria,AMPLICON,1447,48237676,PRJNA1020132,SAMN37514189,"MIMARKS.survey,MIGS/MIMS/MIMARKS.soil",45103850,USDA-ARS,2020-09-14,soil core,public,CSSwP,"fastq,sra","gs,ncbi,s3","gs.us-east1,ncbi.public,s3.us-east-1",2.5-7cm,507m,terrestrial; soil,agricultural field,soil,SRX21859996,USA,North America,"USA: South Dakota\, Brookings",MinION,44.352826 N 96.804875 W,sterile_sentinels_lib90,SINGLE,PCR,GENOMIC,soil metagenome,OXFORD_NANOPORE,314,2023-09-22T00:00:00Z,2023-09-22T14:46:00Z,1,S5U6_bac,bulk,week5,SRP462681
SRR26147290,bacteria,AMPLICON,1446,31969410,PRJNA1020132,SAMN37514188,"MIMARKS.survey,MIGS/MIMS/MIMARKS.soil",29935832,USDA-ARS,2020-09-14,soil core,public,CSCS,"fastq,sra","gs,ncbi,s3","gs.us-east1,ncbi.public,s3.us-east-1",2.5-7cm,507m,terrestrial; soil,agricultural field,soil,SRX21859995,USA,North America,"USA: South Dakota\, Brookings",MinION,44.352826 N 96.804875 W,sterile_sentinels_lib89,SINGLE,PCR,GENOMIC,soil metagenome,OXFORD_NANOPORE,310,2023-09-22T00:00:00Z,2023-09-22T14:45:00Z,1,S5U5_bac,bulk,week5,SRP462681
SRR26147292,bacteria,AMPLICON,1438,40837637,PRJNA1020132,SAMN37514137,"MIMARKS.survey,MIGS/MIMS/MIMARKS.soil",38213904,USDA-ARS,2020-07-07,soil core,public,CSSwP,"fastq,sra","gs,ncbi,s3","gs.us-east1,ncbi.public,s3.us-east-1",2.5-7cm,507m,terrestrial; soil,agricultural field,soil,SRX21859993,USA,North America,"USA: South Dakota\, Brookings",MinION,44.352826 N 96.804875 W,sterile_sentinels_lib38,SINGLE,PCR,GENOMIC,soil metagenome,OXFORD_NANOPORE,118,2023-09-22T00:00:00Z,2023-09-22T14:46:00Z,1,S2U2_bac,bulk,week2,SRP462681
SRR26147303,bacteria,AMPLICON,1442,23974117,PRJNA1020132,SAMN37514136,"MIMARKS.survey,MIGS/MIMS/MIMARKS.soil",22457962,USDA-ARS,2020-07-07,soil core,public,CSCS,"fastq,sra","gs,ncbi,s3","gs.us-east1,ncbi.public,s3.us-east-1",2.5-7cm,507m,terrestrial; soil,agricultural field,soil,SRX21859982,USA,North America,"USA: South Dakota\, Brookings",MinION,44.352826 N 96.804875 W,sterile_sentinels_lib37,SINGLE,PCR,GENOMIC,soil metagenome,OXFORD_NANOPORE,113,2023-09-22T00:00:00Z,2023-09-22T14:45:00Z,1,S2U1_bac,bulk,week2,SRP462681
SRR26147314,bacteria,AMPLICON,1433,55654270,PRJNA1020132,SAMN37514135,"MIMARKS.survey,MIGS/MIMS/MIMARKS.soil",52067906,USDA-ARS,2020-07-07,ingrowth bag,public,CSCS,"fastq,sra","gs,ncbi,s3","gs.us-east1,ncbi.public,s3.us-east-1",2.5-7cm,507m,terrestrial; soil,agricultural field,soil,SRX21859971,USA,North America,"USA: South Dakota\, Brookings",MinION,44.352826 N 96.804875 W,sterile_sentinels_lib36,SINGLE,PCR,GENOMIC,soil metagenome,OXFORD_NANOPORE,427,2023-09-22T00:00:00Z,2023-09-22T14:46:00Z,1,S2A8_bac,bag,week2,SRP462681
SRR26147329,bacteria,AMPLICON,1443,27593762,PRJNA1020132,SAMN37514125,"MIMARKS.survey,MIGS/MIMS/MIMARKS.soil",25828368,USDA-ARS,2020-06-30,soil core,public,CSSwP,"fastq,sra","gs,ncbi,s3","gs.us-east1,ncbi.public,s3.us-east-1",2.5-7cm,507m,terrestrial; soil,agricultural field,soil,SRX21859956,USA,North America,"USA: South Dakota\, Brookings",MinION,44.352826 N 96.804875 W,sterile_sentinels_lib26,SINGLE,PCR,GENOMIC,soil metagenome,OXFORD_NANOPORE,314,2023-09-22T00:00:00Z,2023-09-22T14:46:00Z,1,S1U6_bac,bulk,week1,SRP462681
SRR26147340,bacteria,AMPLICON,1444,61882478,PRJNA1020132,SAMN37514124,"MIMARKS.survey,MIGS/MIMS/MIMARKS.soil",57845506,USDA-ARS,2020-06-30,soil core,public,CSCS,"fastq,sra","gs,ncbi,s3","gs.us-east1,ncbi.public,s3.us-east-1",2.5-7cm,507m,terrestrial; soil,agricultural field,soil,SRX21859945,USA,North America,"USA: South Dakota\, Brookings",MinION,44.352826 N 96.804875 W,sterile_sentinels_lib25,SINGLE,PCR,GENOMIC,soil metagenome,OXFORD_NANOPORE,310,2023-09-22T00:00:00Z,2023-09-22T14:46:00Z,1,S1U5_bac,bulk,week1,SRP462681
SRR26147351,bacteria,AMPLICON,1441,37500775,PRJNA1020132,SAMN37514123,"MIMARKS.survey,MIGS/MIMS/MIMARKS.soil",35074167,USDA-ARS,2020-06-30,soil core,public,CSCS,"fastq,sra","gs,ncbi,s3","gs.us-east1,ncbi.public,s3.us-east-1",2.5-7cm,507m,terrestrial; soil,agricultural field,soil,SRX21859934,USA,North America,"USA: South Dakota\, Brookings",MinION,44.352826 N 96.804875 W,sterile_sentinels_lib24,SINGLE,PCR,GENOMIC,soil metagenome,OXFORD_NANOPORE,230,2023-09-22T00:00:00Z,2023-09-22T14:46:00Z,1,S1U4_bac,bulk,week1,SRP462681
SRR26147365,bacteria,AMPLICON,1414,23112638,PRJNA1020132,SAMN37514116,"MIMARKS.survey,MIGS/MIMS/MIMARKS.soil",21684393,USDA-ARS,2020-06-30,ingrowth bag,public,CSCS,"fastq,sra","gs,ncbi,s3","gs.us-east1,ncbi.public,s3.us-east-1",2.5-7cm,507m,terrestrial; soil,agricultural field,soil,SRX21859920,USA,North America,"USA: South Dakota\, Brookings",MinION,44.352826 N 96.804875 W,sterile_sentinels_lib17,SINGLE,PCR,GENOMIC,soil metagenome,OXFORD_NANOPORE,310,2023-09-22T00:00:00Z,2023-09-22T14:45:00Z,1,S1A5_bac,bag,week1,SRP462681
SRR26147376,bacteria,AMPLICON,1438,61642735,PRJNA1020132,SAMN37514115,"MIMARKS.survey,MIGS/MIMS/MIMARKS.soil",57646049,USDA-ARS,2020-06-30,ingrowth bag,public,CSCS,"fastq,sra","gs,ncbi,s3","gs.us-east1,ncbi.public,s3.us-east-1",2.5-7cm,507m,terrestrial; soil,agricultural field,soil,SRX21859909,USA,North America,"USA: South Dakota\, Brookings",MinION,44.352826 N 96.804875 W,sterile_sentinels_lib16,SINGLE,PCR,GENOMIC,soil metagenome,OXFORD_NANOPORE,230,2023-09-22T00:00:00Z,2023-09-22T14:45:00Z,1,S1A4_bac,bag,week1,SRP462681
SRR26147387,bacteria,AMPLICON,1445,58478733,PRJNA1020132,SAMN37514187,"MIMARKS.survey,MIGS/MIMS/MIMARKS.soil",54678135,USDA-ARS,2020-09-14,soil core,public,CSCS,"fastq,sra","gs,ncbi,s3","gs.us-east1,ncbi.public,s3.us-east-1",2.5-7cm,507m,terrestrial; soil,agricultural field,soil,SRX21859898,USA,North America,"USA: South Dakota\, Brookings",MinION,44.352826 N 96.804875 W,sterile_sentinels_lib88,SINGLE,PCR,GENOMIC,soil metagenome,OXFORD_NANOPORE,230,2023-09-22T00:00:00Z,2023-09-22T14:46:00Z,1,S5U4_bac,bulk,week5,SRP462681
SRR26147388,bacteria,AMPLICON,1448,39658991,PRJNA1020132,SAMN37514186,"MIMARKS.survey,MIGS/MIMS/MIMARKS.soil",37098805,USDA-ARS,2020-09-14,soil core,public,CSSwP,"fastq,sra","gs,ncbi,s3","gs.us-east1,ncbi.public,s3.us-east-1",2.5-7cm,507m,terrestrial; soil,agricultural field,soil,SRX21859897,USA,North America,"USA: South Dakota\, Brookings",MinION,44.352826 N 96.804875 W,sterile_sentinels_lib87,SINGLE,PCR,GENOMIC,soil metagenome,OXFORD_NANOPORE,213,2023-09-22T00:00:00Z,2023-09-22T14:46:00Z,1,S5U3_bac,bulk,week5,SRP462681
SRR26147389,bacteria,AMPLICON,1447,37827688,PRJNA1020132,SAMN37514185,"MIMARKS.survey,MIGS/MIMS/MIMARKS.soil",35393638,USDA-ARS,2020-09-14,soil core,public,CSSwP,"fastq,sra","gs,ncbi,s3","gs.us-east1,ncbi.public,s3.us-east-1",2.5-7cm,507m,terrestrial; soil,agricultural field,soil,SRX21859896,USA,North America,"USA: South Dakota\, Brookings",MinION,44.352826 N 96.804875 W,sterile_sentinels_lib86,SINGLE,PCR,GENOMIC,soil metagenome,OXFORD_NANOPORE,118,2023-09-22T00:00:00Z,2023-09-22T14:46:00Z,1,S5U2_bac,bulk,week5,SRP462681
SRR26147390,bacteria,AMPLICON,1449,45183903,PRJNA1020132,SAMN37514184,"MIMARKS.survey,MIGS/MIMS/MIMARKS.soil",42246357,USDA-ARS,2020-09-14,soil core,public,CSCS,"fastq,sra","gs,ncbi,s3","gs.us-east1,ncbi.public,s3.us-east-1",2.5-7cm,507m,terrestrial; soil,agricultural field,soil,SRX21859895,USA,North America,"USA: South Dakota\, Brookings",MinION,44.352826 N 96.804875 W,sterile_sentinels_lib85,SINGLE,PCR,GENOMIC,soil metagenome,OXFORD_NANOPORE,113,2023-09-22T00:00:00Z,2023-09-22T14:46:00Z,1,S5U1_bac,bulk,week5,SRP462681
SRR26147391,bacteria,AMPLICON,1432,48035795,PRJNA1020132,SAMN37514183,"MIMARKS.survey,MIGS/MIMS/MIMARKS.soil",44934229,USDA-ARS,2020-09-14,ingrowth bag,public,CSCS,"fastq,sra","gs,ncbi,s3","gs.us-east1,ncbi.public,s3.us-east-1",2.5-7cm,507m,terrestrial; soil,agricultural field,soil,SRX21859894,USA,North America,"USA: South Dakota\, Brookings",MinION,44.352826 N 96.804875 W,sterile_sentinels_lib84,SINGLE,PCR,GENOMIC,soil metagenome,OXFORD_NANOPORE,427,2023-09-22T00:00:00Z,2023-09-22T14:46:00Z,1,S5A8_bac,bag,week5,SRP462681
SRR26147392,bacteria,AMPLICON,1431,27461423,PRJNA1020132,SAMN37514182,"MIMARKS.survey,MIGS/MIMS/MIMARKS.soil",25725900,USDA-ARS,2020-09-14,ingrowth bag,public,CSSwP,"fastq,sra","gs,ncbi,s3","gs.us-east1,ncbi.public,s3.us-east-1",2.5-7cm,507m,terrestrial; soil,agricultural field,soil,SRX21859893,USA,North America,"USA: South Dakota\, Brookings",MinION,44.352826 N 96.804875 W,sterile_sentinels_lib83,SINGLE,PCR,GENOMIC,soil metagenome,OXFORD_NANOPORE,426,2023-09-22T00:00:00Z,2023-09-22T14:45:00Z,1,S5A7_bac,bag,week5,SRP462681
SRR26147393,bacteria,AMPLICON,1426,20658852,PRJNA1020132,SAMN37514181,"MIMARKS.survey,MIGS/MIMS/MIMARKS.soil",19373823,USDA-ARS,2020-09-14,ingrowth bag,public,CSSwP,"fastq,sra","gs,ncbi,s3","gs.us-east1,ncbi.public,s3.us-east-1",2.5-7cm,507m,terrestrial; soil,agricultural field,soil,SRX21859892,USA,North America,"USA: South Dakota\, Brookings",MinION,44.352826 N 96.804875 W,sterile_sentinels_lib82,SINGLE,PCR,GENOMIC,soil metagenome,OXFORD_NANOPORE,314,2023-09-22T00:00:00Z,2023-09-22T14:45:00Z,1,S5A6_bac,bag,week5,SRP462681
SRR26147394,bacteria,AMPLICON,1439,42142708,PRJNA1020132,SAMN37514109,"MIMARKS.survey,MIGS/MIMS/MIMARKS.soil",39414309,USDA-ARS,2020-06-23,soil core,public,CSSwP,"fastq,sra","gs,ncbi,s3","gs.us-east1,ncbi.public,s3.us-east-1",2.5-7cm,507m,terrestrial; soil,agricultural field,soil,SRX21859891,USA,North America,"USA: South Dakota\, Brookings",MinION,44.352826 N 96.804875 W,sterile_sentinels_lib10,SINGLE,PCR,GENOMIC,soil metagenome,OXFORD_NANOPORE,314,2023-09-22T00:00:00Z,2023-09-22T14:46:00Z,1,S0U6_bac,bulk,week0,SRP462681
SRR26147395,bacteria,AMPLICON,1430,33487460,PRJNA1020132,SAMN37514180,"MIMARKS.survey,MIGS/MIMS/MIMARKS.soil",31356481,USDA-ARS,2020-09-14,ingrowth bag,public,CSCS,"fastq,sra","gs,ncbi,s3","gs.us-east1,ncbi.public,s3.us-east-1",2.5-7cm,507m,terrestrial; soil,agricultural field,soil,SRX21859890,USA,North America,"USA: South Dakota\, Brookings",MinION,44.352826 N 96.804875 W,sterile_sentinels_lib81,SINGLE,PCR,GENOMIC,soil metagenome,OXFORD_NANOPORE,310,2023-09-22T00:00:00Z,2023-09-22T14:46:00Z,1,S5A5_bac,bag,week5,SRP462681
SRR26147396,bacteria,AMPLICON,1429,35493959,PRJNA1020132,SAMN37514179,"MIMARKS.survey,MIGS/MIMS/MIMARKS.soil",33224015,USDA-ARS,2020-09-14,ingrowth bag,public,CSCS,"fastq,sra","gs,ncbi,s3","gs.us-east1,ncbi.public,s3.us-east-1",2.5-7cm,507m,terrestrial; soil,agricultural field,soil,SRX21859889,USA,North America,"USA: South Dakota\, Brookings",MinION,44.352826 N 96.804875 W,sterile_sentinels_lib80,SINGLE,PCR,GENOMIC,soil metagenome,OXFORD_NANOPORE,230,2023-09-22T00:00:00Z,2023-09-22T14:46:00Z,1,S5A4_bac,bag,week5,SRP462681
SRR26147397,bacteria,AMPLICON,1439,28271647,PRJNA1020132,SAMN37514178,"MIMARKS.survey,MIGS/MIMS/MIMARKS.soil",26472783,USDA-ARS,2020-09-14,ingrowth bag,public,CSSwP,"fastq,sra","gs,ncbi,s3","gs.us-east1,ncbi.public,s3.us-east-1",2.5-7cm,507m,terrestrial; soil,agricultural field,soil,SRX21859888,USA,North America,"USA: South Dakota\, Brookings",MinION,44.352826 N 96.804875 W,sterile_sentinels_lib79,SINGLE,PCR,GENOMIC,soil metagenome,OXFORD_NANOPORE,213,2023-09-22T00:00:00Z,2023-09-22T14:46:00Z,1,S5A3_bac,bag,week5,SRP462681
SRR26147398,bacteria,AMPLICON,1441,31495884,PRJNA1020132,SAMN37514177,"MIMARKS.survey,MIGS/MIMS/MIMARKS.soil",29491882,USDA-ARS,2020-09-14,ingrowth bag,public,CSSwP,"fastq,sra","gs,ncbi,s3","gs.us-east1,ncbi.public,s3.us-east-1",2.5-7cm,507m,terrestrial; soil,agricultural field,soil,SRX21859887,USA,North America,"USA: South Dakota\, Brookings",MinION,44.352826 N 96.804875 W,sterile_sentinels_lib78,SINGLE,PCR,GENOMIC,soil metagenome,OXFORD_NANOPORE,118,2023-09-22T00:00:00Z,2023-09-22T14:46:00Z,1,S5A2_bac,bag,week5,SRP462681
SRR26147399,bacteria,AMPLICON,1441,37942971,PRJNA1020132,SAMN37514176,"MIMARKS.survey,MIGS/MIMS/MIMARKS.soil",35514620,USDA-ARS,2020-09-14,ingrowth bag,public,CSCS,"fastq,sra","gs,ncbi,s3","gs.us-east1,ncbi.public,s3.us-east-1",2.5-7cm,507m,terrestrial; soil,agricultural field,soil,SRX21859886,USA,North America,"USA: South Dakota\, Brookings",MinION,44.352826 N 96.804875 W,sterile_sentinels_lib77,SINGLE,PCR,GENOMIC,soil metagenome,OXFORD_NANOPORE,113,2023-09-22T00:00:00Z,2023-09-22T14:46:00Z,1,S5A1_bac,bag,week5,SRP462681
SRR26147400,bacteria,AMPLICON,1443,33101994,PRJNA1020132,SAMN37514175,"MIMARKS.survey,MIGS/MIMS/MIMARKS.soil",30972788,USDA-ARS,2020-08-18,soil core,public,CSCS,"fastq,sra","gs,ncbi,s3","gs.us-east1,ncbi.public,s3.us-east-1",2.5-7cm,507m,terrestrial; soil,agricultural field,soil,SRX21859885,USA,North America,"USA: South Dakota\, Brookings",MinION,44.352826 N 96.804875 W,sterile_sentinels_lib76,SINGLE,PCR,GENOMIC,soil metagenome,OXFORD_NANOPORE,427,2023-09-22T00:00:00Z,2023-09-22T14:46:00Z,1,S4U8_bac,bulk,week4,SRP462681
SRR26147401,bacteria,AMPLICON,1439,29830327,PRJNA1020132,SAMN37514174,"MIMARKS.survey,MIGS/MIMS/MIMARKS.soil",27934501,USDA-ARS,2020-08-18,soil core,public,CSSwP,"fastq,sra","gs,ncbi,s3","gs.us-east1,ncbi.public,s3.us-east-1",2.5-7cm,507m,terrestrial; soil,agricultural field,soil,SRX21859884,USA,North America,"USA: South Dakota\, Brookings",MinION,44.352826 N 96.804875 W,sterile_sentinels_lib75,SINGLE,PCR,GENOMIC,soil metagenome,OXFORD_NANOPORE,426,2023-09-22T00:00:00Z,2023-09-22T14:46:00Z,1,S4U7_bac,bulk,week4,SRP462681
SRR26147402,bacteria,AMPLICON,1439,32222846,PRJNA1020132,SAMN37514173,"MIMARKS.survey,MIGS/MIMS/MIMARKS.soil",30154321,USDA-ARS,2020-08-18,soil core,public,CSSwP,"fastq,sra","gs,ncbi,s3","gs.us-east1,ncbi.public,s3.us-east-1",2.5-7cm,507m,terrestrial; soil,agricultural field,soil,SRX21859883,USA,North America,"USA: South Dakota\, Brookings",MinION,44.352826 N 96.804875 W,sterile_sentinels_lib74,SINGLE,PCR,GENOMIC,soil metagenome,OXFORD_NANOPORE,314,2023-09-22T00:00:00Z,2023-09-22T14:46:00Z,1,S4U6_bac,bulk,week4,SRP462681
SRR26147403,bacteria,AMPLICON,1443,41948000,PRJNA1020132,SAMN37514172,"MIMARKS.survey,MIGS/MIMS/MIMARKS.soil",39233086,USDA-ARS,2020-08-18,soil core,public,CSCS,"fastq,sra","gs,ncbi,s3","gs.us-east1,ncbi.public,s3.us-east-1",2.5-7cm,507m,terrestrial; soil,agricultural field,soil,SRX21859882,USA,North America,"USA: South Dakota\, Brookings",MinION,44.352826 N 96.804875 W,sterile_sentinels_lib73,SINGLE,PCR,GENOMIC,soil metagenome,OXFORD_NANOPORE,310,2023-09-22T00:00:00Z,2023-09-22T14:46:00Z,1,S4U5_bac,bulk,week4,SRP462681
SRR26147404,bacteria,AMPLICON,1441,24066553,PRJNA1020132,SAMN37514171,"MIMARKS.survey,MIGS/MIMS/MIMARKS.soil",22543462,USDA-ARS,2020-08-18,soil core,public,CSCS,"fastq,sra","gs,ncbi,s3","gs.us-east1,ncbi.public,s3.us-east-1",2.5-7cm,507m,terrestrial; soil,agricultural field,soil,SRX21859881,USA,North America,"USA: South Dakota\, Brookings",MinION,44.352826 N 96.804875 W,sterile_sentinels_lib72,SINGLE,PCR,GENOMIC,soil metagenome,OXFORD_NANOPORE,230,2023-09-22T00:00:00Z,2023-09-22T14:46:00Z,1,S4U4_bac,bulk,week4,SRP462681
SRR26147405,bacteria,AMPLICON,1431,20177217,PRJNA1020132,SAMN37514108,"MIMARKS.survey,MIGS/MIMS/MIMARKS.soil",18918013,USDA-ARS,2020-06-23,soil core,public,CSCS,"fastq,sra","gs,ncbi,s3","gs.us-east1,ncbi.public,s3.us-east-1",2.5-7cm,507m,terrestrial; soil,agricultural field,soil,SRX21859880,USA,North America,"USA: South Dakota\, Brookings",MinION,44.352826 N 96.804875 W,sterile_sentinels_lib9,SINGLE,PCR,GENOMIC,soil metagenome,OXFORD_NANOPORE,310,2023-09-22T00:00:00Z,2023-09-22T14:45:00Z,1,S0U5_bac,bulk,week0,SRP462681
SRR26147406,bacteria,AMPLICON,1440,35856921,PRJNA1020132,SAMN37514170,"MIMARKS.survey,MIGS/MIMS/MIMARKS.soil",33554009,USDA-ARS,2020-08-18,soil core,public,CSSwP,"fastq,sra","gs,ncbi,s3","gs.us-east1,ncbi.public,s3.us-east-1",2.5-7cm,507m,terrestrial; soil,agricultural field,soil,SRX21859879,USA,North America,"USA: South Dakota\, Brookings",MinION,44.352826 N 96.804875 W,sterile_sentinels_lib71,SINGLE,PCR,GENOMIC,soil metagenome,OXFORD_NANOPORE,213,2023-09-22T00:00:00Z,2023-09-22T14:46:00Z,1,S4U3_bac,bulk,week4,SRP462681
SRR26147407,bacteria,AMPLICON,1445,36772755,PRJNA1020132,SAMN37514169,"MIMARKS.survey,MIGS/MIMS/MIMARKS.soil",34404773,USDA-ARS,2020-08-18,soil core,public,CSSwP,"fastq,sra","gs,ncbi,s3","gs.us-east1,ncbi.public,s3.us-east-1",2.5-7cm,507m,terrestrial; soil,agricultural field,soil,SRX21859878,USA,North America,"USA: South Dakota\, Brookings",MinION,44.352826 N 96.804875 W,sterile_sentinels_lib70,SINGLE,PCR,GENOMIC,soil metagenome,OXFORD_NANOPORE,118,2023-09-22T00:00:00Z,2023-09-22T14:46:00Z,1,S4U2_bac,bulk,week4,SRP462681
SRR26147408,bacteria,AMPLICON,1444,20125563,PRJNA1020132,SAMN37514168,"MIMARKS.survey,MIGS/MIMS/MIMARKS.soil",18860179,USDA-ARS,2020-08-18,soil core,public,CSCS,"fastq,sra","gs,ncbi,s3","gs.us-east1,ncbi.public,s3.us-east-1",2.5-7cm,507m,terrestrial; soil,agricultural field,soil,SRX21859877,USA,North America,"USA: South Dakota\, Brookings",MinION,44.352826 N 96.804875 W,sterile_sentinels_lib69,SINGLE,PCR,GENOMIC,soil metagenome,OXFORD_NANOPORE,113,2023-09-22T00:00:00Z,2023-09-22T14:45:00Z,1,S4U1_bac,bulk,week4,SRP462681
SRR26147409,bacteria,AMPLICON,1440,36545308,PRJNA1020132,SAMN37514167,"MIMARKS.survey,MIGS/MIMS/MIMARKS.soil",34214496,USDA-ARS,2020-08-18,ingrowth bag,public,CSCS,"fastq,sra","gs,ncbi,s3","gs.us-east1,ncbi.public,s3.us-east-1",2.5-7cm,507m,terrestrial; soil,agricultural field,soil,SRX21859876,USA,North America,"USA: South Dakota\, Brookings",MinION,44.352826 N 96.804875 W,sterile_sentinels_lib68,SINGLE,PCR,GENOMIC,soil metagenome,OXFORD_NANOPORE,427,2023-09-22T00:00:00Z,2023-09-22T14:45:00Z,1,S4A8_bac,bag,week4,SRP462681
SRR26147410,bacteria,AMPLICON,1437,49063911,PRJNA1020132,SAMN37514166,"MIMARKS.survey,MIGS/MIMS/MIMARKS.soil",45892505,USDA-ARS,2020-08-18,ingrowth bag,public,CSSwP,"fastq,sra","gs,ncbi,s3","gs.us-east1,ncbi.public,s3.us-east-1",2.5-7cm,507m,terrestrial; soil,agricultural field,soil,SRX21859875,USA,North America,"USA: South Dakota\, Brookings",MinION,44.352826 N 96.804875 W,sterile_sentinels_lib67,SINGLE,PCR,GENOMIC,soil metagenome,OXFORD_NANOPORE,426,2023-09-22T00:00:00Z,2023-09-22T14:46:00Z,1,S4A7_bac,bag,week4,SRP462681
SRR26147411,bacteria,AMPLICON,1425,52125944,PRJNA1020132,SAMN37514165,"MIMARKS.survey,MIGS/MIMS/MIMARKS.soil",48785495,USDA-ARS,2020-08-18,ingrowth bag,public,CSSwP,"fastq,sra","gs,ncbi,s3","gs.us-east1,ncbi.public,s3.us-east-1",2.5-7cm,507m,terrestrial; soil,agricultural field,soil,SRX21859874,USA,North America,"USA: South Dakota\, Brookings",MinION,44.352826 N 96.804875 W,sterile_sentinels_lib66,SINGLE,PCR,GENOMIC,soil metagenome,OXFORD_NANOPORE,314,2023-09-22T00:00:00Z,2023-09-22T14:46:00Z,1,S4A6_bac,bag,week4,SRP462681
SRR26147412,bacteria,AMPLICON,1432,30321407,PRJNA1020132,SAMN37514164,"MIMARKS.survey,MIGS/MIMS/MIMARKS.soil",28397286,USDA-ARS,2020-08-18,ingrowth bag,public,CSCS,"fastq,sra","gs,ncbi,s3","gs.us-east1,ncbi.public,s3.us-east-1",2.5-7cm,507m,terrestrial; soil,agricultural field,soil,SRX21859873,USA,North America,"USA: South Dakota\, Brookings",MinION,44.352826 N 96.804875 W,sterile_sentinels_lib65,SINGLE,PCR,GENOMIC,soil metagenome,OXFORD_NANOPORE,310,2023-09-22T00:00:00Z,2023-09-22T14:46:00Z,1,S4A5_bac,bag,week4,SRP462681
SRR26147413,bacteria,AMPLICON,1430,42705810,PRJNA1020132,SAMN37514163,"MIMARKS.survey,MIGS/MIMS/MIMARKS.soil",39961238,USDA-ARS,2020-08-18,ingrowth bag,public,CSCS,"fastq,sra","gs,ncbi,s3","gs.us-east1,ncbi.public,s3.us-east-1",2.5-7cm,507m,terrestrial; soil,agricultural field,soil,SRX21859872,USA,North America,"USA: South Dakota\, Brookings",MinION,44.352826 N 96.804875 W,sterile_sentinels_lib64,SINGLE,PCR,GENOMIC,soil metagenome,OXFORD_NANOPORE,230,2023-09-22T00:00:00Z,2023-09-22T14:46:00Z,1,S4A4_bac,bag,week4,SRP462681
SRR26147414,bacteria,AMPLICON,1427,30162791,PRJNA1020132,SAMN37514162,"MIMARKS.survey,MIGS/MIMS/MIMARKS.soil",28250064,USDA-ARS,2020-08-18,ingrowth bag,public,CSSwP,"fastq,sra","gs,ncbi,s3","gs.us-east1,ncbi.public,s3.us-east-1",2.5-7cm,507m,terrestrial; soil,agricultural field,soil,SRX21859871,USA,North America,"USA: South Dakota\, Brookings",MinION,44.352826 N 96.804875 W,sterile_sentinels_lib63,SINGLE,PCR,GENOMIC,soil metagenome,OXFORD_NANOPORE,213,2023-09-22T00:00:00Z,2023-09-22T14:46:00Z,1,S4A3_bac,bag,week4,SRP462681
SRR26147415,bacteria,AMPLICON,1426,25955509,PRJNA1020132,SAMN37514161,"MIMARKS.survey,MIGS/MIMS/MIMARKS.soil",24324044,USDA-ARS,2020-08-18,ingrowth bag,public,CSSwP,"fastq,sra","gs,ncbi,s3","gs.us-east1,ncbi.public,s3.us-east-1",2.5-7cm,507m,terrestrial; soil,agricultural field,soil,SRX21859870,USA,North America,"USA: South Dakota\, Brookings",MinION,44.352826 N 96.804875 W,sterile_sentinels_lib62,SINGLE,PCR,GENOMIC,soil metagenome,OXFORD_NANOPORE,118,2023-09-22T00:00:00Z,2023-09-22T14:46:00Z,1,S4A2_bac,bag,week4,SRP462681
SRR26147416,bacteria,AMPLICON,1434,18110352,PRJNA1020132,SAMN37514107,"MIMARKS.survey,MIGS/MIMS/MIMARKS.soil",16978320,USDA-ARS,2020-06-23,soil core,public,CSCS,"fastq,sra","gs,ncbi,s3","gs.us-east1,ncbi.public,s3.us-east-1",2.5-7cm,507m,terrestrial; soil,agricultural field,soil,SRX21859869,USA,North America,"USA: South Dakota\, Brookings",MinION,44.352826 N 96.804875 W,sterile_sentinels_lib8,SINGLE,PCR,GENOMIC,soil metagenome,OXFORD_NANOPORE,230,2023-09-22T00:00:00Z,2023-09-22T14:45:00Z,1,S0U4_bac,bulk,week0,SRP462681
SRR26147417,bacteria,AMPLICON,1441,63159927,PRJNA1020132,SAMN37514160,"MIMARKS.survey,MIGS/MIMS/MIMARKS.soil",59059910,USDA-ARS,2020-08-18,ingrowth bag,public,CSCS,"fastq,sra","gs,ncbi,s3","gs.us-east1,ncbi.public,s3.us-east-1",2.5-7cm,507m,terrestrial; soil,agricultural field,soil,SRX21859868,USA,North America,"USA: South Dakota\, Brookings",MinION,44.352826 N 96.804875 W,sterile_sentinels_lib61,SINGLE,PCR,GENOMIC,soil metagenome,OXFORD_NANOPORE,113,2023-09-22T00:00:00Z,2023-09-22T14:46:00Z,1,S4A1_bac,bag,week4,SRP462681
SRR26147418,bacteria,AMPLICON,1439,46773666,PRJNA1020132,SAMN37514159,"MIMARKS.survey,MIGS/MIMS/MIMARKS.soil",43753639,USDA-ARS,2020-07-22,soil core,public,CSCS,"fastq,sra","gs,ncbi,s3","gs.us-east1,ncbi.public,s3.us-east-1",2.5-7cm,507m,terrestrial; soil,agricultural field,soil,SRX21859867,USA,North America,"USA: South Dakota\, Brookings",MinION,44.352826 N 96.804875 W,sterile_sentinels_lib60,SINGLE,PCR,GENOMIC,soil metagenome,OXFORD_NANOPORE,427,2023-09-22T00:00:00Z,2023-09-22T14:46:00Z,1,S3U8_bac,bulk,week3,SRP462681
SRR26147421,bacteria,AMPLICON,1430,51846332,PRJNA1020132,SAMN37514134,"MIMARKS.survey,MIGS/MIMS/MIMARKS.soil",48515196,USDA-ARS,2020-07-07,ingrowth bag,public,CSSwP,"fastq,sra","gs,ncbi,s3","gs.us-east1,ncbi.public,s3.us-east-1",2.5-7cm,507m,terrestrial; soil,agricultural field,soil,SRX21859864,USA,North America,"USA: South Dakota\, Brookings",MinION,44.352826 N 96.804875 W,sterile_sentinels_lib35,SINGLE,PCR,GENOMIC,soil metagenome,OXFORD_NANOPORE,426,2023-09-22T00:00:00Z,2023-09-22T14:46:00Z,1,S2A7_bac,bag,week2,SRP462681
SRR26147432,bacteria,AMPLICON,1428,43456912,PRJNA1020132,SAMN37514133,"MIMARKS.survey,MIGS/MIMS/MIMARKS.soil",40669814,USDA-ARS,2020-07-07,ingrowth bag,public,CSSwP,"fastq,sra","gs,ncbi,s3","gs.us-east1,ncbi.public,s3.us-east-1",2.5-7cm,507m,terrestrial; soil,agricultural field,soil,SRX21859853,USA,North America,"USA: South Dakota\, Brookings",MinION,44.352826 N 96.804875 W,sterile_sentinels_lib34,SINGLE,PCR,GENOMIC,soil metagenome,OXFORD_NANOPORE,314,2023-09-22T00:00:00Z,2023-09-22T14:46:00Z,1,S2A6_bac,bag,week2,SRP462681
SRR26147443,bacteria,AMPLICON,1427,28203162,PRJNA1020132,SAMN37514132,"MIMARKS.survey,MIGS/MIMS/MIMARKS.soil",26421452,USDA-ARS,2020-07-07,ingrowth bag,public,CSCS,"fastq,sra","gs,ncbi,s3","gs.us-east1,ncbi.public,s3.us-east-1",2.5-7cm,507m,terrestrial; soil,agricultural field,soil,SRX21859842,USA,North America,"USA: South Dakota\, Brookings",MinION,44.352826 N 96.804875 W,sterile_sentinels_lib33,SINGLE,PCR,GENOMIC,soil metagenome,OXFORD_NANOPORE,310,2023-09-22T00:00:00Z,2023-09-22T14:46:00Z,1,S2A5_bac,bag,week2,SRP462681
SRR26147458,bacteria,AMPLICON,1447,31324575,PRJNA1020132,SAMN37514122,"MIMARKS.survey,MIGS/MIMS/MIMARKS.soil",29324127,USDA-ARS,2020-06-30,soil core,public,CSSwP,"fastq,sra","gs,ncbi,s3","gs.us-east1,ncbi.public,s3.us-east-1",2.5-7cm,507m,terrestrial; soil,agricultural field,soil,SRX21859827,USA,North America,"USA: South Dakota\, Brookings",MinION,44.352826 N 96.804875 W,sterile_sentinels_lib23,SINGLE,PCR,GENOMIC,soil metagenome,OXFORD_NANOPORE,213,2023-09-22T00:00:00Z,2023-09-22T14:46:00Z,1,S1U3_bac,bulk,week1,SRP462681
SRR26147469,bacteria,AMPLICON,1443,31199117,PRJNA1020132,SAMN37514121,"MIMARKS.survey,MIGS/MIMS/MIMARKS.soil",29204077,USDA-ARS,2020-06-30,soil core,public,CSSwP,"fastq,sra","gs,ncbi,s3","gs.us-east1,ncbi.public,s3.us-east-1",2.5-7cm,507m,terrestrial; soil,agricultural field,soil,SRX21859816,USA,North America,"USA: South Dakota\, Brookings",MinION,44.352826 N 96.804875 W,sterile_sentinels_lib22,SINGLE,PCR,GENOMIC,soil metagenome,OXFORD_NANOPORE,118,2023-09-22T00:00:00Z,2023-09-22T14:46:00Z,1,S1U2_bac,bulk,week1,SRP462681
SRR26147470,bacteria,AMPLICON,1475,22387697,PRJNA1020132,SAMN37514103,"MIMARKS.survey,MIGS/MIMS/MIMARKS.soil",20947512,USDA-ARS,2020-06-23,not applicable,public,not applicable,"fastq,sra","gs,ncbi,s3","gs.us-east1,ncbi.public,s3.us-east-1",not applicable,507m,terrestrial; soil,agricultural field,soil,SRX21859815,USA,North America,"USA: South Dakota\, Brookings",MinION,44.352826 N 96.804875 W,sterile_sentinels_lib4,SINGLE,PCR,GENOMIC,soil metagenome,OXFORD_NANOPORE,not applicable,2023-09-22T00:00:00Z,2023-09-22T14:46:00Z,1,S0A1_autoclavedsoil_2020_bac,autoclaved_soil_bac_2020,not applicable,SRP462681
SRR26147481,bacteria,AMPLICON,1446,29644201,PRJNA1020132,SAMN37514120,"MIMARKS.survey,MIGS/MIMS/MIMARKS.soil",27748240,USDA-ARS,2020-06-30,soil core,public,CSCS,"fastq,sra","gs,ncbi,s3","gs.us-east1,ncbi.public,s3.us-east-1",2.5-7cm,507m,terrestrial; soil,agricultural field,soil,SRX21859804,USA,North America,"USA: South Dakota\, Brookings",MinION,44.352826 N 96.804875 W,sterile_sentinels_lib21,SINGLE,PCR,GENOMIC,soil metagenome,OXFORD_NANOPORE,113,2023-09-22T00:00:00Z,2023-09-22T14:46:00Z,1,S1U1_bac,bulk,week1,SRP462681
SRR26147483,bacteria,AMPLICON,1421,35697825,PRJNA1020132,SAMN37514114,"MIMARKS.survey,MIGS/MIMS/MIMARKS.soil",33435032,USDA-ARS,2020-06-30,ingrowth bag,public,CSSwP,"fastq,sra","gs,ncbi,s3","gs.us-east1,ncbi.public,s3.us-east-1",2.5-7cm,507m,terrestrial; soil,agricultural field,soil,SRX21859802,USA,North America,"USA: South Dakota\, Brookings",MinION,44.352826 N 96.804875 W,sterile_sentinels_lib15,SINGLE,PCR,GENOMIC,soil metagenome,OXFORD_NANOPORE,213,2023-09-22T00:00:00Z,2023-09-22T14:47:00Z,1,S1A3_bac,bag,week1,SRP462681
SRR26147505,bacteria,AMPLICON,1438,40257718,PRJNA1020132,SAMN37514112,"MIMARKS.survey,MIGS/MIMS/MIMARKS.soil",37680360,USDA-ARS,2020-06-30,ingrowth bag,public,CSCS,"fastq,sra","gs,ncbi,s3","gs.us-east1,ncbi.public,s3.us-east-1",2.5-7cm,507m,terrestrial; soil,agricultural field,soil,SRX21859780,USA,North America,"USA: South Dakota\, Brookings",MinION,44.352826 N 96.804875 W,sterile_sentinels_lib13,SINGLE,PCR,GENOMIC,soil metagenome,OXFORD_NANOPORE,113,2023-09-22T00:00:00Z,2023-09-22T14:47:00Z,1,S1A1_bac,bag,week1,SRP462681
SRR26147516,bacteria,AMPLICON,1436,58130904,PRJNA1020132,SAMN37514111,"MIMARKS.survey,MIGS/MIMS/MIMARKS.soil",54344711,USDA-ARS,2020-06-23,soil core,public,CSCS,"fastq,sra","gs,ncbi,s3","gs.us-east1,ncbi.public,s3.us-east-1",2.5-7cm,507m,terrestrial; soil,agricultural field,soil,SRX21859769,USA,North America,"USA: South Dakota\, Brookings",MinION,44.352826 N 96.804875 W,sterile_sentinels_lib12,SINGLE,PCR,GENOMIC,soil metagenome,OXFORD_NANOPORE,427,2023-09-22T00:00:00Z,2023-09-22T14:47:00Z,1,S0U8_bac,bulk,week0,SRP462681
