Muestra,lecturas_before,lecturas_after,lecturas_retencion_%,lecturas_remocion_%,bases_before,bases_after,bases_retencion_%,bases_remocion_%
srr26147154,29554.0,15504.0,52.45990390471679,47.54009609528321,42508376.0,22040654.0,51.850143604639236,48.149856395360764
srr26147165,29479.0,15383.0,52.182909868041655,47.817090131958345,42585556.0,21963723.0,51.57552246118379,48.42447753881621
srr26147176,22005.0,11041.0,50.17496023630993,49.82503976369007,31823442.0,15766633.0,49.54408451480516,50.45591548519484
srr26147181,14944.0,7939.0,53.125,46.875,21586588.0,11336474.0,52.51628464859755,47.48371535140245
srr26147182,36165.0,18591.0,51.40605557859809,48.59394442140191,52239557.0,26522497.0,50.77090718820605,49.22909281179395
srr26147183,28539.0,14920.0,52.27933704754897,47.72066295245103,41208464.0,21278282.0,51.63570765462163,48.36429234537837
srr26147184,32047.0,16795.0,52.40740162885761,47.59259837114239,46365466.0,23989199.0,51.739367830358916,48.260632169641084
srr26147185,34905.0,18076.0,51.786277037673685,48.213722962326315,50532324.0,25828821.0,51.11346353276766,48.88653646723234
srr26147186,35922.0,19060.0,53.05940649184344,46.94059350815656,52035176.0,27216400.0,52.30384922691527,47.69615077308473
srr26147187,32574.0,16858.0,51.75293178608706,48.24706821391294,47191668.0,24092380.0,51.05218997556942,48.94781002443058
srr26147188,29984.0,15760.0,52.56136606189968,47.43863393810032,43214686.0,22402653.0,51.84036972986452,48.15963027013548
srr26147189,23306.0,12016.0,51.557538831202265,48.442461168797735,33538140.0,17154058.0,51.14791100520184,48.85208899479816
srr26147190,20532.0,10376.0,50.53574907461523,49.46425092538477,29416058.0,14733890.0,50.087914566934835,49.912085433065165
srr26147191,27584.0,14023.0,50.837441995359626,49.162558004640374,39481051.0,19927057.0,50.47245829398007,49.52754170601993
srr26147192,25506.0,13789.0,54.061789382890304,45.938210617109696,36685962.0,19612793.0,53.46130217329451,46.53869782670549
srr26147193,29031.0,15003.0,51.679239433708794,48.320760566291206,41444013.0,21337126.0,51.484217997904786,48.515782002095214
srr26147194,30521.0,16018.0,52.4818977097736,47.5181022902264,43572652.0,22758655.0,52.231512096165275,47.768487903834725
srr26147195,32231.0,16652.0,51.66454655455927,48.33545344544073,46330311.0,23665104.0,51.07909592922871,48.92090407077129
srr26147196,30327.0,15940.0,52.56042470405909,47.43957529594091,43621574.0,22666024.0,51.96058262363481,48.03941737636519
srr26147197,41412.0,21082.0,50.90794938665121,49.09205061334879,59621120.0,30087156.0,50.4639228514996,49.5360771485004
srr26147198,18692.0,10022.0,53.616520436550395,46.383479563449605,27002562.0,14302257.0,52.96629630921688,47.03370369078312
srr26147199,23676.0,12533.0,52.935462071295824,47.064537928704176,34133854.0,17887272.0,52.403317832202596,47.596682167797404
srr26147200,29336.0,15461.0,52.703163348786475,47.296836651213525,42314536.0,22093221.0,52.21189474935989,47.78810525064011
srr26147201,40709.0,20206.0,49.63521579994596,50.36478420005404,58764306.0,28812912.0,49.031315029909486,50.968684970090514
srr26147202,25252.0,13147.0,52.063202914620625,47.936797085379375,36452689.0,18769333.0,51.48957049506005,48.51042950493995
srr26147203,17911.0,9272.0,51.76707051532578,48.23292948467422,25991370.0,13243157.0,50.95213141900562,49.04786858099438
srr26147216,28992.0,14589.0,50.320778145695364,49.679221854304636,41539929.0,20746861.0,49.94438242780819,50.05561757219181
srr26147217,26229.0,13724.0,52.3237637729231,47.6762362270769,37834761.0,19597944.0,51.798778377376294,48.201221622623706
srr26147228,30998.0,16029.0,51.709787728240535,48.290212271759465,44280589.0,22777024.0,51.43794270667899,48.56205729332101
srr26147239,31188.0,16247.0,52.09375400795177,47.90624599204823,44646012.0,23074897.0,51.684116825484885,48.315883174515115
srr26147265,22233.0,11261.0,50.64993478163091,49.35006521836909,31604135.0,16005269.0,50.642958587539255,49.357041412460745
srr26147276,42222.0,21600.0,51.15816399033679,48.84183600966321,60294554.0,30692313.0,50.90395560434861,49.09604439565139
srr26147286,14271.0,7281.0,51.01955013664074,48.98044986335926,20451980.0,10391262.0,50.808097797866026,49.191902202133974
srr26147287,20063.0,10411.0,51.89154164382196,48.10845835617804,29024181.0,14869406.0,51.23109589207702,48.76890410792298
srr26147288,28026.0,14319.0,51.09184328837508,48.90815671162492,40417934.0,20447437.0,50.590010365200754,49.409989634799246
srr26147289,33334.0,17921.0,53.76192476150477,46.23807523849523,48237676.0,25582306.0,53.03386921044869,46.96613078955131
srr26147290,22108.0,11818.0,53.455762619866114,46.544237380133886,31969410.0,16874885.0,52.78447428338527,47.21552571661473
srr26147292,28388.0,15141.0,53.335916584472315,46.664083415527685,40837637.0,21620243.0,52.9419540116878,47.0580459883122
srr26147303,16617.0,8773.0,52.795330083649276,47.204669916350724,23974117.0,12522816.0,52.23473298307504,47.76526701692496
srr26147314,38828.0,20186.0,51.98825589780571,48.01174410219429,55654270.0,28681956.0,51.53594863430964,48.46405136569036
srr26147329,19112.0,9460.0,49.49769778149854,50.50230221850146,27593762.0,13507706.0,48.95202763581131,51.04797236418869
srr26147340,42838.0,22427.0,52.35305102945983,47.64694897054017,61882478.0,31997370.0,51.7066721213071,48.2933278786929
srr26147351,26016.0,13738.0,52.8059655596556,47.1940344403444,37500775.0,19590972.0,52.241512342078266,47.758487657921734
srr26147365,16344.0,8282.0,50.67302985805188,49.32697014194812,23112638.0,11777574.0,50.95729011980372,49.04270988019628
srr26147376,42843.0,20984.0,48.97882968046122,51.02117031953878,61642735.0,29835675.0,48.4009591722366,51.5990408277634
srr26147387,40446.0,20462.0,50.59091133857489,49.40908866142511,58478733.0,29256717.0,50.02966976045805,49.97033023954195
srr26147388,27376.0,14635.0,53.459234365867914,46.540765634132086,39658991.0,20907003.0,52.71693119978771,47.28306880021229
srr26147389,26136.0,13916.0,53.24456688093052,46.75543311906948,37827688.0,19895163.0,52.59418180672316,47.40581819327684
srr26147390,31175.0,16474.0,52.843624699278266,47.156375300721734,45183903.0,23543153.0,52.1051778107792,47.8948221892208
srr26147391,33527.0,16900.0,50.40713454827453,49.59286545172547,48035795.0,24026322.0,50.01753796309606,49.98246203690394
srr26147392,19180.0,9896.0,51.59541188738269,48.40458811261731,27461423.0,14062291.0,51.207437429589866,48.792562570410134
srr26147393,14482.0,7415.0,51.20149150669797,48.79850849330203,20658852.0,10552065.0,51.07769299087868,48.92230700912132
srr26147394,29279.0,14885.0,50.83848492093309,49.16151507906691,42142708.0,21238930.0,50.397639373340695,49.602360626659305
srr26147395,23407.0,11894.0,50.81385910197804,49.18614089802196,33487460.0,16912701.0,50.50457992335041,49.49542007664959
srr26147396,24827.0,12929.0,52.076368469811094,47.923631530188906,35493959.0,18393476.0,51.82142685182005,48.17857314817995
srr26147397,19635.0,10015.0,51.00585688820983,48.99414311179017,28271647.0,14245262.0,50.38709630181786,49.61290369818214
srr26147398,21843.0,11130.0,50.954539211646754,49.045460788353246,31495884.0,15809267.0,50.19470798152546,49.80529201847454
srr26147399,26323.0,13762.0,52.281274930669,47.718725069331,37942971.0,19573464.0,51.58653496058598,48.41346503941402
srr26147400,22930.0,11920.0,51.98430004361099,48.01569995638901,33101994.0,17009568.0,51.385327421665295,48.614672578334705
srr26147401,20726.0,10707.0,51.6597510373444,48.3402489626556,29830327.0,15293923.0,51.26971286637254,48.73028713362746
srr26147402,22382.0,11592.0,51.79161826467697,48.20838173532303,32222846.0,16532299.0,51.3061416114517,48.6938583885483
srr26147403,29062.0,15288.0,52.604775996146174,47.395224003853826,41948000.0,21803671.0,51.977855916849435,48.022144083150565
srr26147404,16696.0,8747.0,52.38979396262578,47.61020603737422,24066553.0,12491727.0,51.90492797202823,48.09507202797177
srr26147405,14093.0,7472.0,53.019229404668984,46.980770595331016,20177217.0,10656178.0,52.81292261464998,47.18707738535002
srr26147406,24896.0,13070.0,52.498393316195376,47.501606683804624,35856921.0,18663038.0,52.04863518538025,47.95136481461975
srr26147407,25447.0,13063.0,51.33414547883837,48.66585452116163,36772755.0,18649760.0,50.71624358849371,49.28375641150629
srr26147408,13930.0,7420.0,53.266331658291456,46.733668341708544,20125563.0,10600307.0,52.670859443783016,47.329140556216984
srr26147409,25366.0,13244.0,52.211621856027755,47.788378143972245,36545308.0,18846780.0,51.57099784191175,48.42900215808825
srr26147410,34129.0,17544.0,51.40496352075947,48.59503647924053,49063911.0,24929550.0,50.81036038892211,49.18963961107789
srr26147411,36556.0,18664.0,51.055914213808954,48.944085786191046,52125944.0,26520742.0,50.87819992286375,49.12180007713625
srr26147412,21163.0,10487.0,49.55346595473232,50.44653404526768,30321407.0,14911443.0,49.177938873351096,50.822061126648904
srr26147413,29845.0,15265.0,51.1475959122131,48.8524040877869,42705810.0,21709363.0,50.83468268134945,49.16531731865055
srr26147414,21128.0,11031.0,52.21033699356305,47.78966300643695,30162791.0,15691449.0,52.022536641254455,47.977463358745545
srr26147415,18198.0,9261.0,50.89020771513353,49.10979228486647,25955509.0,13157984.0,50.69437859993422,49.30562140006578
srr26147416,12622.0,6522.0,51.67168436064015,48.32831563935985,18110352.0,9306586.0,51.38821155988575,48.61178844011425
srr26147417,43819.0,22559.0,51.48223373422488,48.51776626577512,63159927.0,32090360.0,50.80810178897135,49.19189821102865
srr26147418,32495.0,17018.0,52.371134020618555,47.628865979381445,46773666.0,24282319.0,51.914508903364556,48.085491096635444
srr26147421,36236.0,18566.0,51.236339551826916,48.763660448173084,51846332.0,26373408.0,50.86841630378018,49.13158369621982
srr26147432,30426.0,15484.0,50.89068559784395,49.10931440215605,43456912.0,22010543.0,50.649118832925815,49.350881167074185
srr26147443,19751.0,10236.0,51.82522403928915,48.17477596071085,28203162.0,14551372.0,51.59482472213577,48.40517527786423
srr26147458,21634.0,11499.0,53.15244522510863,46.84755477489137,31324575.0,16427472.0,52.442760995161144,47.557239004838856
srr26147469,21620.0,11433.0,52.88159111933395,47.11840888066605,31199117.0,16329263.0,52.338862667171,47.661137332829
srr26147470,15172.0,7705.0,50.784339572897444,49.215660427102556,22387697.0,11128785.0,49.70937832506845,50.29062167493155
srr26147481,20487.0,10820.0,52.8139795968175,47.1860204031825,29644201.0,15462723.0,52.16103817404288,47.83896182595712
srr26147483,25120.0,12492.0,49.72929936305732,50.27070063694268,35697825.0,17748216.0,49.717919789230855,50.282080210769145
srr26147494,30646.0,15742.0,51.367225739085036,48.632774260914964,43900163.0,22360870.0,50.93573342768682,49.06426657231318
srr26147505,27985.0,14426.0,51.549044130784345,48.450955869215655,40257718.0,20508853.0,50.94390347709227,49.05609652290773
srr26147516,40466.0,20705.0,51.16641130825879,48.83358869174121,58130904.0,29564278.0,50.85810810717824,49.14189189282176
