Source,Target,Weight
NC_018083,taxid_1737571_Bacillus_oryzisoli,0.8525742888450623
NC_027335,GENERO_Lacrimispora_94868,0.8562151789665222
NC_003216,taxid_1737571_Bacillus_oryzisoli,0.8594298958778381
NC_001706,taxid_1737571_Bacillus_oryzisoli,0.8774979114532471
NC_001706,taxid_185300_Paludibacter_propionicigenes,0.8607715964317322
NC_001706,taxid_165096_Weissella_koreensis,0.8536508083343506
NC_001706,GENERO_Lacrimispora_94868,0.8546012043952942
NC_023585,taxid_1737571_Bacillus_oryzisoli,0.8594708442687988
NC_025453,taxid_1737571_Bacillus_oryzisoli,0.8748736381530762
NC_025453,taxid_185300_Paludibacter_propionicigenes,0.8544943928718567
NC_031086,taxid_1737571_Bacillus_oryzisoli,0.8597642779350281
NC_031086,taxid_185300_Paludibacter_propionicigenes,0.8509663343429565
NC_031086,GENERO_Lacrimispora_94868,0.8570942878723145
NC_023574,taxid_1737571_Bacillus_oryzisoli,0.8729283809661865
NC_023574,taxid_185300_Paludibacter_propionicigenes,0.8564954996109009
NC_023574,GENERO_Lacrimispora_94868,0.8586469292640686
NC_024383,taxid_1737571_Bacillus_oryzisoli,0.8565585017204285
NC_024711,taxid_1737571_Bacillus_oryzisoli,0.8743007779121399
NC_024711,taxid_185300_Paludibacter_propionicigenes,0.86246657371521
NC_024711,GENERO_Lacrimispora_94868,0.8700680732727051
NC_024214,taxid_1737571_Bacillus_oryzisoli,0.8840806484222412
NC_024214,taxid_185300_Paludibacter_propionicigenes,0.8619773983955383
NC_024214,taxid_165096_Weissella_koreensis,0.8536978960037231
NC_024214,GENERO_Lacrimispora_94868,0.8580226898193359
NC_024214,taxid_1397_Bacillus_circulans,0.8556942939758301
NC_024214,taxid_1297750_Bacteroides_luti,0.8586731553077698
NC_031923,GENERO_Lacrimispora_94868,0.8550063371658325
NC_023582,taxid_1737571_Bacillus_oryzisoli,0.876909077167511
NC_023582,taxid_185300_Paludibacter_propionicigenes,0.8567389845848083
NC_023582,taxid_165096_Weissella_koreensis,0.8520793914794922
NC_023582,GENERO_Lacrimispora_94868,0.8514130115509033
NC_023582,taxid_1397_Bacillus_circulans,0.857363224029541
NC_023582,taxid_1297750_Bacteroides_luti,0.8539348244667053
NC_011048,taxid_1737571_Bacillus_oryzisoli,0.8510021567344666
NC_011048,GENERO_Lacrimispora_94868,0.8525245785713196
NC_007064,taxid_1737571_Bacillus_oryzisoli,0.8531065583229065
NC_028693,taxid_1737571_Bacillus_oryzisoli,0.8674288988113403
NC_028693,taxid_1397_Bacillus_circulans,0.851041316986084
NC_023571,taxid_1737571_Bacillus_oryzisoli,0.8637794256210327
NC_023571,taxid_185300_Paludibacter_propionicigenes,0.8556563258171082
NC_023571,GENERO_Lacrimispora_94868,0.8555083870887756
NC_024384,taxid_1737571_Bacillus_oryzisoli,0.854345977306366
NC_027390,taxid_1737571_Bacillus_oryzisoli,0.8584059476852417
NC_027390,taxid_185300_Paludibacter_propionicigenes,0.8515059947967529
NC_027390,GENERO_Lacrimispora_94868,0.8562948107719421
NC_013696,taxid_1737571_Bacillus_oryzisoli,0.8525364398956299
NC_023009,taxid_1737571_Bacillus_oryzisoli,0.8528879880905151
NC_009231,taxid_1737571_Bacillus_oryzisoli,0.8534461259841919
NC_021798,taxid_1737571_Bacillus_oryzisoli,0.8605777621269226
NC_011308,taxid_1737571_Bacillus_oryzisoli,0.8579584360122681
NC_021794,taxid_1737571_Bacillus_oryzisoli,0.8699330687522888
NC_031260,taxid_1737571_Bacillus_oryzisoli,0.8878788948059082
NC_031260,taxid_185300_Paludibacter_propionicigenes,0.8696779012680054
NC_031260,taxid_165096_Weissella_koreensis,0.864692211151123
NC_031260,GENERO_Lacrimispora_94868,0.8641022443771362
NC_031260,taxid_1397_Bacillus_circulans,0.8641171455383301
NC_031260,taxid_1297750_Bacteroides_luti,0.8645045757293701
NC_028799,taxid_1737571_Bacillus_oryzisoli,0.8916764259338379
NC_028799,taxid_33968_Leuconostoc_pseudomesenteroides,0.8531063199043274
NC_028799,taxid_185300_Paludibacter_propionicigenes,0.8770166635513306
NC_028799,taxid_165096_Weissella_koreensis,0.8599311113357544
NC_028799,GENERO_Lacrimispora_94868,0.879448652267456
NC_028799,taxid_1397_Bacillus_circulans,0.8501214385032654
NC_028799,taxid_1297750_Bacteroides_luti,0.8666216135025024
NC_004746,taxid_1737571_Bacillus_oryzisoli,0.8823886513710022
NC_004746,taxid_185300_Paludibacter_propionicigenes,0.8637868165969849
NC_004746,taxid_165096_Weissella_koreensis,0.8512117266654968
NC_004746,GENERO_Lacrimispora_94868,0.8610504269599915
NC_004746,taxid_1297750_Bacteroides_luti,0.8537508845329285
NC_029100,GENERO_Lacrimispora_94868,0.8629991412162781
NC_023503,taxid_1737571_Bacillus_oryzisoli,0.8750818371772766
NC_023503,taxid_185300_Paludibacter_propionicigenes,0.8680896162986755
NC_023503,GENERO_Lacrimispora_94868,0.8664685487747192
NC_029012,taxid_1737571_Bacillus_oryzisoli,0.879439115524292
NC_029012,taxid_185300_Paludibacter_propionicigenes,0.8573235869407654
NC_029012,GENERO_Lacrimispora_94868,0.8540771007537842
NC_029012,taxid_1297750_Bacteroides_luti,0.8519827127456665
NC_031929,GENERO_Lacrimispora_94868,0.8512242436408997
NC_007924,taxid_1737571_Bacillus_oryzisoli,0.8825546503067017
NC_007924,taxid_185300_Paludibacter_propionicigenes,0.8697376847267151
NC_007924,taxid_165096_Weissella_koreensis,0.8517717123031616
NC_007924,GENERO_Lacrimispora_94868,0.8653053045272827
NC_007924,taxid_1297750_Bacteroides_luti,0.8514852523803711
NC_000872,taxid_1737571_Bacillus_oryzisoli,0.8888241648674011
NC_000872,taxid_33968_Leuconostoc_pseudomesenteroides,0.8536508083343506
NC_000872,taxid_185300_Paludibacter_propionicigenes,0.8762107491493225
NC_000872,taxid_165096_Weissella_koreensis,0.8579258918762207
NC_000872,GENERO_Lacrimispora_94868,0.8726921081542969
NC_000872,taxid_1297750_Bacteroides_luti,0.8614689111709595
NC_029119,taxid_1737571_Bacillus_oryzisoli,0.8794463872909546
NC_029119,taxid_185300_Paludibacter_propionicigenes,0.8614981174468994
NC_029119,GENERO_Lacrimispora_94868,0.8649759888648987
NC_029119,taxid_1297750_Bacteroides_luti,0.8502745628356934
NC_019513,taxid_1737571_Bacillus_oryzisoli,0.8753376007080078
NC_019513,taxid_185300_Paludibacter_propionicigenes,0.8598930239677429
NC_019513,taxid_165096_Weissella_koreensis,0.8512426614761353
NC_019513,GENERO_Lacrimispora_94868,0.8576017022132874
NC_024208,taxid_1737571_Bacillus_oryzisoli,0.87931889295578
NC_024208,taxid_185300_Paludibacter_propionicigenes,0.8600946664810181
NC_024208,GENERO_Lacrimispora_94868,0.8566911220550537
NC_004814,taxid_1737571_Bacillus_oryzisoli,0.8929179906845093
NC_004814,taxid_185300_Paludibacter_propionicigenes,0.872559666633606
NC_004814,taxid_147709_Carnobacterium_inhibens,0.8512929081916809
NC_004814,taxid_165096_Weissella_koreensis,0.8721761107444763
NC_004814,GENERO_Lacrimispora_94868,0.8611148595809937
NC_004814,taxid_293371_Lactobacillus_oligofermentans,0.8582874536514282
NC_004814,taxid_1397_Bacillus_circulans,0.8773241639137268
NC_004814,taxid_1297750_Bacteroides_luti,0.8735840916633606
NC_019511,taxid_1737571_Bacillus_oryzisoli,0.8719728589057922
NC_019511,taxid_185300_Paludibacter_propionicigenes,0.8528088927268982
NC_019511,GENERO_Lacrimispora_94868,0.8537018895149231
NC_007814,taxid_1737571_Bacillus_oryzisoli,0.8620888590812683
NC_004588,taxid_1737571_Bacillus_oryzisoli,0.8800142407417297
NC_004588,taxid_185300_Paludibacter_propionicigenes,0.8649746179580688
NC_004588,GENERO_Lacrimispora_94868,0.8613013029098511
NC_004087,taxid_1737571_Bacillus_oryzisoli,0.8614068031311035
NC_004087,taxid_1397_Bacillus_circulans,0.8561156392097473
NC_024361,GENERO_Lacrimispora_94868,0.8575528860092163
NC_031051,taxid_1737571_Bacillus_oryzisoli,0.883222222328186
NC_031051,taxid_185300_Paludibacter_propionicigenes,0.8683224320411682
NC_031051,taxid_165096_Weissella_koreensis,0.8600243926048279
NC_031051,GENERO_Lacrimispora_94868,0.8673584461212158
NC_031051,taxid_1397_Bacillus_circulans,0.8512523174285889
NC_031051,taxid_1297750_Bacteroides_luti,0.8554934859275818
NC_001825,taxid_1737571_Bacillus_oryzisoli,0.8877476453781128
NC_001825,taxid_185300_Paludibacter_propionicigenes,0.8707845211029053
NC_001825,taxid_165096_Weissella_koreensis,0.8576270341873169
NC_001825,GENERO_Lacrimispora_94868,0.8658221364021301
NC_001825,taxid_1297750_Bacteroides_luti,0.8637548089027405
NC_010945,taxid_1737571_Bacillus_oryzisoli,0.8643079400062561
NC_010945,taxid_185300_Paludibacter_propionicigenes,0.8584257960319519
NC_010945,GENERO_Lacrimispora_94868,0.8630638122558594
NC_031910,GENERO_Lacrimispora_94868,0.8509502410888672
NC_003157,taxid_1737571_Bacillus_oryzisoli,0.8747905492782593
NC_003157,taxid_185300_Paludibacter_propionicigenes,0.8624162077903748
NC_003157,GENERO_Lacrimispora_94868,0.8579238653182983
NC_027363,GENERO_Lacrimispora_94868,0.8582987189292908
NC_015263,taxid_1737571_Bacillus_oryzisoli,0.8695124387741089
NC_015263,taxid_185300_Paludibacter_propionicigenes,0.8566272258758545
NC_015263,GENERO_Lacrimispora_94868,0.860691487789154
NC_008370,taxid_1737571_Bacillus_oryzisoli,0.8860225677490234
NC_008370,taxid_185300_Paludibacter_propionicigenes,0.8673329949378967
NC_008370,taxid_165096_Weissella_koreensis,0.861676812171936
NC_008370,GENERO_Lacrimispora_94868,0.8624923825263977
NC_008370,taxid_1397_Bacillus_circulans,0.861741840839386
NC_008370,taxid_1297750_Bacteroides_luti,0.8605209589004517
NC_024360,taxid_1737571_Bacillus_oryzisoli,0.86282879114151
NC_008265,taxid_1737571_Bacillus_oryzisoli,0.8710716962814331
NC_008265,taxid_1397_Bacillus_circulans,0.8549827933311462
NC_010576,taxid_1737571_Bacillus_oryzisoli,0.8999881744384766
NC_010576,taxid_33968_Leuconostoc_pseudomesenteroides,0.8548837304115295
NC_010576,taxid_185300_Paludibacter_propionicigenes,0.8800758719444275
NC_010576,taxid_165096_Weissella_koreensis,0.8717609643936157
NC_010576,GENERO_Lacrimispora_94868,0.8766457438468933
NC_010576,taxid_293371_Lactobacillus_oligofermentans,0.8568140268325806
NC_010576,taxid_1397_Bacillus_circulans,0.8736435174942017
NC_010576,taxid_1297750_Bacteroides_luti,0.8798301815986633
NC_010153,taxid_1737571_Bacillus_oryzisoli,0.8831718564033508
NC_010153,taxid_185300_Paludibacter_propionicigenes,0.8623717427253723
NC_010153,taxid_165096_Weissella_koreensis,0.8594983816146851
NC_010153,GENERO_Lacrimispora_94868,0.8526765704154968
NC_010153,taxid_1397_Bacillus_circulans,0.8611937761306763
NC_010153,taxid_1297750_Bacteroides_luti,0.8583950996398926
NC_019502,taxid_1737571_Bacillus_oryzisoli,0.8500821590423584
NC_005355,taxid_1737571_Bacillus_oryzisoli,0.8982729315757751
NC_005355,taxid_33968_Leuconostoc_pseudomesenteroides,0.855258584022522
NC_005355,taxid_185300_Paludibacter_propionicigenes,0.879665195941925
NC_005355,taxid_165096_Weissella_koreensis,0.8714432716369629
NC_005355,GENERO_Lacrimispora_94868,0.8752260208129883
NC_005355,taxid_293371_Lactobacillus_oligofermentans,0.8568199872970581
NC_005355,taxid_1397_Bacillus_circulans,0.8685112595558167
NC_005355,taxid_1129792_Weissella_oryzae,0.8512194156646729
NC_005355,taxid_1297750_Bacteroides_luti,0.8766034245491028
NC_020860,taxid_1737571_Bacillus_oryzisoli,0.8651933670043945
NC_031071,taxid_1737571_Bacillus_oryzisoli,0.8794563412666321
NC_031071,taxid_185300_Paludibacter_propionicigenes,0.8616766333580017
NC_031071,taxid_165096_Weissella_koreensis,0.8552938103675842
NC_031071,GENERO_Lacrimispora_94868,0.8574290871620178
NC_031071,taxid_1397_Bacillus_circulans,0.8540717959403992
NC_031071,taxid_1297750_Bacteroides_luti,0.8542208671569824
NC_004086,taxid_1737571_Bacillus_oryzisoli,0.8656682968139648
NC_004086,taxid_1397_Bacillus_circulans,0.8606392741203308
NC_008371,taxid_1737571_Bacillus_oryzisoli,0.8907896280288696
NC_008371,taxid_33968_Leuconostoc_pseudomesenteroides,0.8524174690246582
NC_008371,taxid_185300_Paludibacter_propionicigenes,0.8750140070915222
NC_008371,taxid_165096_Weissella_koreensis,0.8669511675834656
NC_008371,GENERO_Lacrimispora_94868,0.8757843971252441
NC_008371,taxid_293371_Lactobacillus_oligofermentans,0.8514932990074158
NC_008371,taxid_1397_Bacillus_circulans,0.8610438108444214
NC_008371,taxid_1297750_Bacteroides_luti,0.8644406199455261
NC_021806,taxid_1737571_Bacillus_oryzisoli,0.8618709444999695
NC_023551,taxid_1737571_Bacillus_oryzisoli,0.8880603313446045
NC_023551,taxid_185300_Paludibacter_propionicigenes,0.8714171051979065
NC_023551,taxid_165096_Weissella_koreensis,0.8644791841506958
NC_023551,GENERO_Lacrimispora_94868,0.867353081703186
NC_023551,taxid_1397_Bacillus_circulans,0.8609136939048767
NC_023551,taxid_1297750_Bacteroides_luti,0.8617405891418457
NC_002214,taxid_1737571_Bacillus_oryzisoli,0.8941665291786194
NC_002214,taxid_33968_Leuconostoc_pseudomesenteroides,0.8523222208023071
NC_002214,taxid_185300_Paludibacter_propionicigenes,0.876515805721283
NC_002214,taxid_165096_Weissella_koreensis,0.865246593952179
NC_002214,GENERO_Lacrimispora_94868,0.8717846274375916
NC_002214,taxid_1397_Bacillus_circulans,0.8531441688537598
NC_002214,taxid_1297750_Bacteroides_luti,0.8673025965690613
NC_028926,taxid_1737571_Bacillus_oryzisoli,0.8644322752952576
NC_028926,taxid_185300_Paludibacter_propionicigenes,0.8512834906578064
NC_028926,GENERO_Lacrimispora_94868,0.8509353995323181
NC_005354,taxid_1737571_Bacillus_oryzisoli,0.8887642025947571
NC_005354,taxid_185300_Paludibacter_propionicigenes,0.8703349232673645
NC_005354,taxid_165096_Weissella_koreensis,0.862663745880127
NC_005354,GENERO_Lacrimispora_94868,0.8653524518013
NC_005354,taxid_1397_Bacillus_circulans,0.8558570742607117
NC_005354,taxid_1297750_Bacteroides_luti,0.8626616597175598
NC_004303,taxid_1245_Leuconostoc_mesenteroides,0.8531299233436584
NC_004303,taxid_1737571_Bacillus_oryzisoli,0.8989178538322449
NC_004303,taxid_33968_Leuconostoc_pseudomesenteroides,0.864176869392395
NC_004303,taxid_185300_Paludibacter_propionicigenes,0.8853071928024292
NC_004303,taxid_165096_Weissella_koreensis,0.8708149790763855
NC_004303,GENERO_Lacrimispora_94868,0.8812857866287231
NC_004303,taxid_293371_Lactobacillus_oligofermentans,0.8540416359901428
NC_004303,taxid_1397_Bacillus_circulans,0.8563600182533264
NC_004303,taxid_1129792_Weissella_oryzae,0.8580169677734375
NC_004303,taxid_1297750_Bacteroides_luti,0.8741191625595093
NC_017980,taxid_1737571_Bacillus_oryzisoli,0.8663058876991272
NC_022764,taxid_1737571_Bacillus_oryzisoli,0.858708381652832
NC_022791,GENERO_Lacrimispora_94868,0.8559777140617371
NC_015568,taxid_1737571_Bacillus_oryzisoli,0.8658441305160522
NC_007457,taxid_1737571_Bacillus_oryzisoli,0.8548136949539185
NC_011344,taxid_1737571_Bacillus_oryzisoli,0.8597234487533569
NC_009762,taxid_1737571_Bacillus_oryzisoli,0.8667445182800293
NC_004587,taxid_1737571_Bacillus_oryzisoli,0.8753271102905273
NC_004587,taxid_185300_Paludibacter_propionicigenes,0.8622667789459229
NC_004587,GENERO_Lacrimispora_94868,0.857641875743866
NC_002668,taxid_1737571_Bacillus_oryzisoli,0.8643298149108887
NC_002668,taxid_185300_Paludibacter_propionicigenes,0.8503656387329102
NC_002668,GENERO_Lacrimispora_94868,0.850398063659668
NC_031914,taxid_1737571_Bacillus_oryzisoli,0.8721961379051208
NC_031914,taxid_1397_Bacillus_circulans,0.8560291528701782
NC_031914,taxid_1297750_Bacteroides_luti,0.8508560061454773
NC_011167,taxid_1737571_Bacillus_oryzisoli,0.8572207689285278
NC_026016,taxid_1737571_Bacillus_oryzisoli,0.8619616031646729
NC_028995,taxid_1737571_Bacillus_oryzisoli,0.8535231351852417
NC_028995,GENERO_Lacrimispora_94868,0.8549950122833252
NC_022094,taxid_1737571_Bacillus_oryzisoli,0.8678810000419617
NC_011801,taxid_1737571_Bacillus_oryzisoli,0.8682467937469482
NC_011801,taxid_185300_Paludibacter_propionicigenes,0.8597134351730347
NC_011801,GENERO_Lacrimispora_94868,0.858850359916687
NC_015262,taxid_1737571_Bacillus_oryzisoli,0.8530839085578918
NC_007051,taxid_1737571_Bacillus_oryzisoli,0.8806465864181519
NC_007051,taxid_185300_Paludibacter_propionicigenes,0.8562461733818054
NC_007051,taxid_165096_Weissella_koreensis,0.8515795469284058
NC_007051,taxid_1397_Bacillus_circulans,0.8537070155143738
NC_007051,taxid_1297750_Bacteroides_luti,0.8555871844291687
NC_024357,GENERO_Lacrimispora_94868,0.8578327894210815
NC_018856,GENERO_Lacrimispora_94868,0.8502777218818665
NC_011046,taxid_1737571_Bacillus_oryzisoli,0.8825795650482178
NC_011046,taxid_185300_Paludibacter_propionicigenes,0.867011547088623
NC_011046,taxid_165096_Weissella_koreensis,0.8555337190628052
NC_011046,GENERO_Lacrimispora_94868,0.8714087605476379
NC_011046,taxid_1297750_Bacteroides_luti,0.8517181873321533
NC_007734,taxid_1737571_Bacillus_oryzisoli,0.8674950003623962
NC_002185,taxid_1737571_Bacillus_oryzisoli,0.8810386061668396
NC_002185,taxid_185300_Paludibacter_propionicigenes,0.8701059818267822
NC_002185,taxid_165096_Weissella_koreensis,0.8504330515861511
NC_002185,GENERO_Lacrimispora_94868,0.8657198548316956
NC_002185,taxid_1297750_Bacteroides_luti,0.850977897644043
NC_018084,taxid_1737571_Bacillus_oryzisoli,0.8648354411125183
NC_029025,taxid_1737571_Bacillus_oryzisoli,0.8821322321891785
NC_029025,taxid_185300_Paludibacter_propionicigenes,0.8589460253715515
NC_029025,taxid_165096_Weissella_koreensis,0.8525232672691345
NC_029025,GENERO_Lacrimispora_94868,0.854195237159729
NC_029025,taxid_1397_Bacillus_circulans,0.8574008345603943
NC_029025,taxid_1297750_Bacteroides_luti,0.8587853312492371
NC_012419,taxid_1737571_Bacillus_oryzisoli,0.8583501577377319
NC_012419,taxid_185300_Paludibacter_propionicigenes,0.8558030724525452
NC_012419,GENERO_Lacrimispora_94868,0.8700540661811829
NC_022762,GENERO_Lacrimispora_94868,0.8633695244789124
NC_008799,taxid_1737571_Bacillus_oryzisoli,0.8549233675003052
NC_013598,taxid_1245_Leuconostoc_mesenteroides,0.8648337721824646
NC_013598,taxid_1737571_Bacillus_oryzisoli,0.9062520861625672
NC_013598,taxid_33968_Leuconostoc_pseudomesenteroides,0.8767911195755005
NC_013598,taxid_185300_Paludibacter_propionicigenes,0.8940860033035278
NC_013598,taxid_165096_Weissella_koreensis,0.8803266286849976
NC_013598,GENERO_Lacrimispora_94868,0.8907697200775146
NC_013598,taxid_293371_Lactobacillus_oligofermentans,0.8638127446174622
NC_013598,taxid_1397_Bacillus_circulans,0.8656206130981445
NC_013598,taxid_1129792_Weissella_oryzae,0.8705162405967712
NC_013598,taxid_1297750_Bacteroides_luti,0.8829156160354614
NC_001909,taxid_1737571_Bacillus_oryzisoli,0.8852101564407349
NC_001909,taxid_185300_Paludibacter_propionicigenes,0.8672425150871277
NC_001909,taxid_165096_Weissella_koreensis,0.8611226081848145
NC_001909,GENERO_Lacrimispora_94868,0.8645709753036499
NC_001909,taxid_1397_Bacillus_circulans,0.8611060976982117
NC_001909,taxid_1297750_Bacteroides_luti,0.860235333442688
NC_024787,taxid_1737571_Bacillus_oryzisoli,0.8545889258384705
NC_004996,taxid_1737571_Bacillus_oryzisoli,0.866434633731842
NC_004996,taxid_185300_Paludibacter_propionicigenes,0.8608048558235168
NC_004996,GENERO_Lacrimispora_94868,0.8636274933815002
NC_024356,taxid_1737571_Bacillus_oryzisoli,0.8840568661689758
NC_024356,taxid_185300_Paludibacter_propionicigenes,0.8680413961410522
NC_024356,taxid_165096_Weissella_koreensis,0.8572054505348206
NC_024356,GENERO_Lacrimispora_94868,0.8709445595741272
NC_024356,taxid_1297750_Bacteroides_luti,0.8537571430206299
NC_021861,taxid_1737571_Bacillus_oryzisoli,0.8651591539382935
NC_031915,GENERO_Lacrimispora_94868,0.8603764176368713
NC_019914,taxid_1737571_Bacillus_oryzisoli,0.8660241961479187
NC_003291,taxid_1737571_Bacillus_oryzisoli,0.8670560717582703
NC_015252,taxid_1737571_Bacillus_oryzisoli,0.8611697554588318
NC_028862,taxid_1737571_Bacillus_oryzisoli,0.8618552684783936
NC_028821,taxid_1737571_Bacillus_oryzisoli,0.8773362040519714
NC_028821,taxid_185300_Paludibacter_propionicigenes,0.8650876879692078
NC_028821,GENERO_Lacrimispora_94868,0.8658247590065002
NC_028821,taxid_1297750_Bacteroides_luti,0.850471019744873
NC_021867,taxid_1737571_Bacillus_oryzisoli,0.8794584274291992
NC_021867,taxid_185300_Paludibacter_propionicigenes,0.8625796437263489
NC_021867,taxid_165096_Weissella_koreensis,0.8564703464508057
NC_021867,GENERO_Lacrimispora_94868,0.8528006672859192
NC_021867,taxid_1397_Bacillus_circulans,0.8593974709510803
NC_021867,taxid_1297750_Bacteroides_luti,0.858371913433075
NC_021772,GENERO_Lacrimispora_94868,0.860901415348053
NC_028666,taxid_1737571_Bacillus_oryzisoli,0.8528270125389099
NC_028666,GENERO_Lacrimispora_94868,0.8639559745788574
NC_028987,taxid_1737571_Bacillus_oryzisoli,0.8622428178787231
NC_028987,taxid_185300_Paludibacter_propionicigenes,0.854394257068634
NC_028987,GENERO_Lacrimispora_94868,0.8608211874961853
NC_001629,taxid_1737571_Bacillus_oryzisoli,0.8853423595428467
NC_001629,taxid_185300_Paludibacter_propionicigenes,0.8653361201286316
NC_001629,taxid_165096_Weissella_koreensis,0.8621052503585815
NC_001629,GENERO_Lacrimispora_94868,0.8574340343475342
NC_001629,taxid_1397_Bacillus_circulans,0.8648809790611267
NC_001629,taxid_1297750_Bacteroides_luti,0.8637293577194214
NC_021326,taxid_1737571_Bacillus_oryzisoli,0.8663101196289062
NC_021326,taxid_185300_Paludibacter_propionicigenes,0.8522222638130188
NC_021326,GENERO_Lacrimispora_94868,0.8544881343841553
NC_003050,taxid_1737571_Bacillus_oryzisoli,0.8884347677230835
NC_003050,taxid_185300_Paludibacter_propionicigenes,0.8713362216949463
NC_003050,taxid_165096_Weissella_koreensis,0.8591880798339844
NC_003050,GENERO_Lacrimispora_94868,0.8664882779121399
NC_003050,taxid_1297750_Bacteroides_luti,0.8605371117591858
NC_031909,taxid_1737571_Bacillus_oryzisoli,0.8682738542556763
NC_031909,taxid_1397_Bacillus_circulans,0.8528345227241516
NC_008798,taxid_1737571_Bacillus_oryzisoli,0.8585494160652161
NC_021540,taxid_1737571_Bacillus_oryzisoli,0.8952589631080627
NC_021540,taxid_33968_Leuconostoc_pseudomesenteroides,0.857056200504303
NC_021540,taxid_185300_Paludibacter_propionicigenes,0.8803222179412842
NC_021540,taxid_165096_Weissella_koreensis,0.8650192618370056
NC_021540,GENERO_Lacrimispora_94868,0.8835168480873108
NC_021540,taxid_1397_Bacillus_circulans,0.8557391166687012
NC_021540,taxid_1129792_Weissella_oryzae,0.8519455194473267
NC_021540,taxid_1297750_Bacteroides_luti,0.8705947399139404
NC_012663,taxid_1737571_Bacillus_oryzisoli,0.8738933205604553
NC_012663,taxid_185300_Paludibacter_propionicigenes,0.8617991209030151
NC_012663,GENERO_Lacrimispora_94868,0.8614253401756287
NC_027396,taxid_1737571_Bacillus_oryzisoli,0.8857488036155701
NC_027396,taxid_33968_Leuconostoc_pseudomesenteroides,0.8532983660697937
NC_027396,taxid_185300_Paludibacter_propionicigenes,0.8749529719352722
NC_027396,taxid_165096_Weissella_koreensis,0.8547873497009277
NC_027396,GENERO_Lacrimispora_94868,0.8720273375511169
NC_027396,taxid_1297750_Bacteroides_luti,0.8561477065086365
NC_028990,taxid_1737571_Bacillus_oryzisoli,0.8903653025627136
NC_028990,taxid_33968_Leuconostoc_pseudomesenteroides,0.8541519045829773
NC_028990,taxid_185300_Paludibacter_propionicigenes,0.8754974007606506
NC_028990,taxid_165096_Weissella_koreensis,0.8659734725952148
NC_028990,GENERO_Lacrimispora_94868,0.8761488199234009
NC_028990,taxid_293371_Lactobacillus_oligofermentans,0.8501415848731995
NC_028990,taxid_1397_Bacillus_circulans,0.8554176688194275
NC_028990,taxid_1297750_Bacteroides_luti,0.8619561195373535
NC_013644,taxid_1737571_Bacillus_oryzisoli,0.8594363331794739
NC_018272,taxid_1737571_Bacillus_oryzisoli,0.8667105436325073
NC_009810,taxid_1737571_Bacillus_oryzisoli,0.8637506365776062
NC_024206,taxid_1737571_Bacillus_oryzisoli,0.8725903630256653
NC_024206,taxid_185300_Paludibacter_propionicigenes,0.8621329665184021
NC_024206,GENERO_Lacrimispora_94868,0.860035240650177
NC_017968,taxid_1737571_Bacillus_oryzisoli,0.8511061072349548
NC_006294,GENERO_Lacrimispora_94868,0.8522587418556213
NC_031017,taxid_1737571_Bacillus_oryzisoli,0.8768154978752136
NC_031017,taxid_185300_Paludibacter_propionicigenes,0.8545534610748291
NC_023560,taxid_1737571_Bacillus_oryzisoli,0.8601788878440857
NC_023560,taxid_185300_Paludibacter_propionicigenes,0.8530663251876831
NC_023560,GENERO_Lacrimispora_94868,0.8543134331703186
NC_001447,taxid_1245_Leuconostoc_mesenteroides,0.8734752535820007
NC_001447,taxid_2751_Carnobacterium_maltaromaticum,0.8571422100067139
NC_001447,taxid_1737571_Bacillus_oryzisoli,0.9183047413825988
NC_001447,taxid_33968_Leuconostoc_pseudomesenteroides,0.878818929195404
NC_001447,taxid_1358_Lactococcus_lactis,0.869722843170166
NC_001447,taxid_185300_Paludibacter_propionicigenes,0.8996161818504333
NC_001447,taxid_147709_Carnobacterium_inhibens,0.8817458152770996
NC_001447,taxid_165096_Weissella_koreensis,0.8978783488273621
NC_001447,GENERO_Lacrimispora_94868,0.8938378095626831
NC_001447,taxid_293371_Lactobacillus_oligofermentans,0.8864554166793823
NC_001447,taxid_1397_Bacillus_circulans,0.9050164818763732
NC_001447,taxid_1129792_Weissella_oryzae,0.8779410123825073
NC_001447,taxid_1297750_Bacteroides_luti,0.9014435410499572
NC_031911,taxid_1737571_Bacillus_oryzisoli,0.8841951489448547
NC_031911,taxid_185300_Paludibacter_propionicigenes,0.8651949167251587
NC_031911,taxid_165096_Weissella_koreensis,0.8621379137039185
NC_031911,GENERO_Lacrimispora_94868,0.8531431555747986
NC_031911,taxid_1397_Bacillus_circulans,0.8686530590057373
NC_031911,taxid_1297750_Bacteroides_luti,0.8660056591033936
NC_019421,taxid_1737571_Bacillus_oryzisoli,0.860413134098053
NC_008363,taxid_1737571_Bacillus_oryzisoli,0.8819771409034729
NC_008363,taxid_185300_Paludibacter_propionicigenes,0.8637315034866333
NC_008363,taxid_165096_Weissella_koreensis,0.8582105040550232
NC_008363,GENERO_Lacrimispora_94868,0.8592522144317627
NC_008363,taxid_1397_Bacillus_circulans,0.8534306287765503
NC_008363,taxid_1297750_Bacteroides_luti,0.854033887386322
NC_029008,taxid_1737571_Bacillus_oryzisoli,0.8670980930328369
NC_007019,taxid_1245_Leuconostoc_mesenteroides,0.8623427152633667
NC_007019,taxid_1737571_Bacillus_oryzisoli,0.9062935709953308
NC_007019,taxid_33968_Leuconostoc_pseudomesenteroides,0.8734140992164612
NC_007019,taxid_185300_Paludibacter_propionicigenes,0.8919067978858948
NC_007019,taxid_165096_Weissella_koreensis,0.8806146383285522
NC_007019,GENERO_Lacrimispora_94868,0.8877743482589722
NC_007019,taxid_293371_Lactobacillus_oligofermentans,0.8650041818618774
NC_007019,taxid_1397_Bacillus_circulans,0.8689088225364685
NC_007019,taxid_1129792_Weissella_oryzae,0.868033230304718
NC_007019,taxid_1297750_Bacteroides_luti,0.8841714262962341
NC_021863,taxid_1737571_Bacillus_oryzisoli,0.8545172810554504
NC_015464,taxid_1737571_Bacillus_oryzisoli,0.8682012557983398
NC_015464,taxid_1397_Bacillus_circulans,0.8529089093208313
NC_004616,taxid_1737571_Bacillus_oryzisoli,0.8649015426635742
NC_031069,taxid_1737571_Bacillus_oryzisoli,0.8753281831741333
NC_031069,taxid_185300_Paludibacter_propionicigenes,0.8571369051933289
NC_031069,GENERO_Lacrimispora_94868,0.8515705466270447
NC_020842,taxid_1737571_Bacillus_oryzisoli,0.8720635771751404
NC_020842,taxid_185300_Paludibacter_propionicigenes,0.8545324206352234
NC_020842,GENERO_Lacrimispora_94868,0.858945369720459
NC_004820,taxid_1737571_Bacillus_oryzisoli,0.8710849285125732
NC_004820,taxid_185300_Paludibacter_propionicigenes,0.8585920929908752
NC_004820,GENERO_Lacrimispora_94868,0.8574415445327759
NC_009904,taxid_1737571_Bacillus_oryzisoli,0.8500849604606628
NC_023573,taxid_1737571_Bacillus_oryzisoli,0.8519956469535828
NC_008364,taxid_1737571_Bacillus_oryzisoli,0.851234495639801
NC_029016,GENERO_Lacrimispora_94868,0.8579906225204468
NC_019529,GENERO_Lacrimispora_94868,0.8623831868171692
NC_019912,taxid_1737571_Bacillus_oryzisoli,0.8752157092094421
NC_019912,taxid_185300_Paludibacter_propionicigenes,0.8540945053100586
NC_002796,taxid_1737571_Bacillus_oryzisoli,0.8841428756713867
NC_002796,taxid_185300_Paludibacter_propionicigenes,0.8616690039634705
NC_002796,taxid_165096_Weissella_koreensis,0.8554652333259583
NC_002796,GENERO_Lacrimispora_94868,0.8551673293113708
NC_002796,taxid_1397_Bacillus_circulans,0.855831503868103
NC_002796,taxid_1297750_Bacteroides_luti,0.8592957854270935
NC_002649,taxid_1737571_Bacillus_oryzisoli,0.8816968202590942
NC_002649,taxid_185300_Paludibacter_propionicigenes,0.8670820593833923
NC_002649,taxid_165096_Weissella_koreensis,0.8587185740470886
NC_002649,GENERO_Lacrimispora_94868,0.8634786605834961
NC_002649,taxid_1397_Bacillus_circulans,0.8535208702087402
NC_002649,taxid_1297750_Bacteroides_luti,0.8563129901885986
NC_018281,taxid_1737571_Bacillus_oryzisoli,0.8514264225959778
NC_021793,taxid_1737571_Bacillus_oryzisoli,0.8536971807479858
NC_002669,taxid_1245_Leuconostoc_mesenteroides,0.8669354915618896
NC_002669,taxid_1737571_Bacillus_oryzisoli,0.9073358178138732
NC_002669,taxid_33968_Leuconostoc_pseudomesenteroides,0.8743600845336914
NC_002669,taxid_185300_Paludibacter_propionicigenes,0.8935507535934448
NC_002669,taxid_147709_Carnobacterium_inhibens,0.851146936416626
NC_002669,taxid_165096_Weissella_koreensis,0.8836169838905334
NC_002669,GENERO_Lacrimispora_94868,0.8885650634765625
NC_002669,taxid_293371_Lactobacillus_oligofermentans,0.8697035312652588
NC_002669,taxid_1397_Bacillus_circulans,0.8740197420120239
NC_002669,taxid_1129792_Weissella_oryzae,0.870408833026886
NC_002669,taxid_1297750_Bacteroides_luti,0.884651780128479
NC_004584,taxid_1737571_Bacillus_oryzisoli,0.8892647624015808
NC_004584,taxid_33968_Leuconostoc_pseudomesenteroides,0.851215660572052
NC_004584,taxid_185300_Paludibacter_propionicigenes,0.8750258684158325
NC_004584,taxid_165096_Weissella_koreensis,0.8585985898971558
NC_004584,GENERO_Lacrimispora_94868,0.8724358677864075
NC_004584,taxid_1297750_Bacteroides_luti,0.8618621826171875
NC_024389,taxid_1737571_Bacillus_oryzisoli,0.8505916595458984
NC_004586,taxid_1737571_Bacillus_oryzisoli,0.8958001136779785
NC_004586,taxid_33968_Leuconostoc_pseudomesenteroides,0.8596097230911255
NC_004586,taxid_185300_Paludibacter_propionicigenes,0.881408154964447
NC_004586,taxid_165096_Weissella_koreensis,0.8660860657691956
NC_004586,GENERO_Lacrimispora_94868,0.8773580193519592
NC_004586,taxid_1397_Bacillus_circulans,0.8516771793365479
NC_004586,taxid_1129792_Weissella_oryzae,0.852983295917511
NC_004586,taxid_1297750_Bacteroides_luti,0.869694709777832
NC_027342,GENERO_Lacrimispora_94868,0.857153058052063
NC_024212,GENERO_Lacrimispora_94868,0.8677656650543213
NC_011612,taxid_1737571_Bacillus_oryzisoli,0.8601356744766235
NC_018285,GENERO_Lacrimispora_94868,0.8600095510482788
NC_022914,taxid_1737571_Bacillus_oryzisoli,0.8792659640312195
NC_022914,taxid_185300_Paludibacter_propionicigenes,0.8553376793861389
NC_022914,taxid_165096_Weissella_koreensis,0.8530477285385132
NC_022914,taxid_1397_Bacillus_circulans,0.8606374859809875
NC_022914,taxid_1297750_Bacteroides_luti,0.8573611378669739
NC_024203,taxid_1737571_Bacillus_oryzisoli,0.8824521899223328
NC_024203,taxid_185300_Paludibacter_propionicigenes,0.8599905967712402
NC_024203,taxid_165096_Weissella_koreensis,0.8510134220123291
NC_024203,GENERO_Lacrimispora_94868,0.8558380603790283
NC_024203,taxid_1397_Bacillus_circulans,0.8529157638549805
NC_024203,taxid_1297750_Bacteroides_luti,0.8565656542778015
NC_004589,taxid_1737571_Bacillus_oryzisoli,0.8932318091392517
NC_004589,taxid_33968_Leuconostoc_pseudomesenteroides,0.8638650178909302
NC_004589,taxid_185300_Paludibacter_propionicigenes,0.8819544315338135
NC_004589,taxid_165096_Weissella_koreensis,0.8644530177116394
NC_004589,GENERO_Lacrimispora_94868,0.8791201114654541
NC_004589,taxid_1129792_Weissella_oryzae,0.8566761612892151
NC_004589,taxid_1297750_Bacteroides_luti,0.8662359118461609
NC_020877,taxid_1737571_Bacillus_oryzisoli,0.8512452244758606
NC_020871,taxid_1737571_Bacillus_oryzisoli,0.8568410873413086
NC_009018,taxid_1737571_Bacillus_oryzisoli,0.8969168663024902
NC_009018,taxid_33968_Leuconostoc_pseudomesenteroides,0.855968177318573
NC_009018,taxid_185300_Paludibacter_propionicigenes,0.8803643584251404
NC_009018,taxid_165096_Weissella_koreensis,0.8674619793891907
NC_009018,GENERO_Lacrimispora_94868,0.8777245283126831
NC_009018,taxid_293371_Lactobacillus_oligofermentans,0.8510139584541321
NC_009018,taxid_1397_Bacillus_circulans,0.8590262532234192
NC_009018,taxid_1129792_Weissella_oryzae,0.8500053286552429
NC_009018,taxid_1297750_Bacteroides_luti,0.8731608390808105
NC_031931,taxid_1737571_Bacillus_oryzisoli,0.8725312352180481
NC_031931,taxid_185300_Paludibacter_propionicigenes,0.8501948118209839
NC_031931,taxid_1397_Bacillus_circulans,0.8564069271087646
NC_031931,taxid_1297750_Bacteroides_luti,0.8512412309646606
NC_001341,taxid_1737571_Bacillus_oryzisoli,0.8526595830917358
NC_028671,taxid_1737571_Bacillus_oryzisoli,0.8650728464126587
NC_019541,taxid_1737571_Bacillus_oryzisoli,0.8592942953109741
NC_019541,taxid_185300_Paludibacter_propionicigenes,0.8533936738967896
NC_019541,GENERO_Lacrimispora_94868,0.8608323335647583
NC_028775,taxid_1737571_Bacillus_oryzisoli,0.8700404167175293
NC_028775,taxid_185300_Paludibacter_propionicigenes,0.8535746932029724
NC_013155,taxid_1737571_Bacillus_oryzisoli,0.8860833048820496
NC_013155,taxid_33968_Leuconostoc_pseudomesenteroides,0.8506137132644653
NC_013155,taxid_185300_Paludibacter_propionicigenes,0.872524619102478
NC_013155,taxid_165096_Weissella_koreensis,0.8591993451118469
NC_013155,GENERO_Lacrimispora_94868,0.8745550513267517
NC_013155,taxid_1297750_Bacteroides_luti,0.8577682375907898
NC_028886,taxid_1737571_Bacillus_oryzisoli,0.8572374582290649
NC_021789,taxid_1737571_Bacillus_oryzisoli,0.8661693930625916
NC_006356,taxid_1737571_Bacillus_oryzisoli,0.8619910478591919
NC_006356,taxid_1397_Bacillus_circulans,0.8519852757453918
NC_019726,taxid_1737571_Bacillus_oryzisoli,0.8701382875442505
NC_013152,taxid_1737571_Bacillus_oryzisoli,0.889499843120575
NC_013152,taxid_33968_Leuconostoc_pseudomesenteroides,0.8518986701965332
NC_013152,taxid_185300_Paludibacter_propionicigenes,0.8743556141853333
NC_013152,taxid_165096_Weissella_koreensis,0.8651412129402161
NC_013152,GENERO_Lacrimispora_94868,0.8740590810775757
NC_013152,taxid_1397_Bacillus_circulans,0.8556018471717834
NC_013152,taxid_1297750_Bacteroides_luti,0.8624228835105896
NC_031075,taxid_1737571_Bacillus_oryzisoli,0.8787754774093628
NC_031075,taxid_185300_Paludibacter_propionicigenes,0.8614488244056702
NC_031075,taxid_165096_Weissella_koreensis,0.8530329465866089
NC_031075,GENERO_Lacrimispora_94868,0.8545318841934204
NC_031075,taxid_1297750_Bacteroides_luti,0.8524383306503296
NC_031002,taxid_1737571_Bacillus_oryzisoli,0.8828966617584229
NC_031002,taxid_185300_Paludibacter_propionicigenes,0.8663289546966553
NC_031002,taxid_165096_Weissella_koreensis,0.8572309017181396
NC_031002,GENERO_Lacrimispora_94868,0.8604341149330139
NC_031002,taxid_1397_Bacillus_circulans,0.8526224493980408
NC_031002,taxid_1297750_Bacteroides_luti,0.8569342494010925
NC_031901,GENERO_Lacrimispora_94868,0.8532175421714783
NC_009811,taxid_1737571_Bacillus_oryzisoli,0.8585973978042603
NC_021316,taxid_1737571_Bacillus_oryzisoli,0.8543269634246826
NC_021316,GENERO_Lacrimispora_94868,0.8541705012321472
NC_028675,taxid_1737571_Bacillus_oryzisoli,0.866644561290741
NC_028675,taxid_185300_Paludibacter_propionicigenes,0.854742169380188
NC_028675,GENERO_Lacrimispora_94868,0.8568352460861206
NC_020197,taxid_1737571_Bacillus_oryzisoli,0.8952370285987854
NC_020197,taxid_33968_Leuconostoc_pseudomesenteroides,0.8593598008155823
NC_020197,taxid_185300_Paludibacter_propionicigenes,0.8812829256057739
NC_020197,taxid_165096_Weissella_koreensis,0.8662818074226379
NC_020197,GENERO_Lacrimispora_94868,0.8769584894180298
NC_020197,taxid_1397_Bacillus_circulans,0.8509743213653564
NC_020197,taxid_1129792_Weissella_oryzae,0.8531017303466797
NC_020197,taxid_1297750_Bacteroides_luti,0.8696553707122803
NC_031009,taxid_1737571_Bacillus_oryzisoli,0.8810667395591736
NC_031009,taxid_185300_Paludibacter_propionicigenes,0.8628766536712646
NC_031009,taxid_165096_Weissella_koreensis,0.8573492169380188
NC_031009,GENERO_Lacrimispora_94868,0.8578734993934631
NC_031009,taxid_1397_Bacillus_circulans,0.8568800687789917
NC_031009,taxid_1297750_Bacteroides_luti,0.8566804528236389
NC_007055,taxid_1737571_Bacillus_oryzisoli,0.8634803295135498
NC_031040,taxid_1737571_Bacillus_oryzisoli,0.8655279874801636
NC_028900,taxid_1737571_Bacillus_oryzisoli,0.8905478119850159
NC_028900,taxid_33968_Leuconostoc_pseudomesenteroides,0.8512548804283142
NC_028900,taxid_185300_Paludibacter_propionicigenes,0.8734424710273743
NC_028900,taxid_165096_Weissella_koreensis,0.8650444149971008
NC_028900,GENERO_Lacrimispora_94868,0.8738027811050415
NC_028900,taxid_1397_Bacillus_circulans,0.8589972257614136
NC_028900,taxid_1297750_Bacteroides_luti,0.8630470037460327
NC_028826,taxid_1737571_Bacillus_oryzisoli,0.8836824297904968
NC_028826,taxid_185300_Paludibacter_propionicigenes,0.8649652004241943
NC_028826,taxid_165096_Weissella_koreensis,0.8586121201515198
NC_028826,GENERO_Lacrimispora_94868,0.8619295954704285
NC_028826,taxid_1397_Bacillus_circulans,0.858036994934082
NC_028826,taxid_1297750_Bacteroides_luti,0.8578134179115295
NC_003288,taxid_1737571_Bacillus_oryzisoli,0.8541522026062012
NC_007458,taxid_1737571_Bacillus_oryzisoli,0.8560330867767334
NC_029010,taxid_1737571_Bacillus_oryzisoli,0.8558791875839233
NC_007058,taxid_1737571_Bacillus_oryzisoli,0.8556055426597595
NC_013648,taxid_1737571_Bacillus_oryzisoli,0.868218719959259
NC_010353,taxid_1245_Leuconostoc_mesenteroides,0.8658065795898438
NC_010353,taxid_1737571_Bacillus_oryzisoli,0.9081621766090392
NC_010353,taxid_33968_Leuconostoc_pseudomesenteroides,0.8765294551849365
NC_010353,taxid_185300_Paludibacter_propionicigenes,0.8943248391151428
NC_010353,taxid_165096_Weissella_koreensis,0.8829027414321899
NC_010353,GENERO_Lacrimispora_94868,0.8904640078544617
NC_010353,taxid_293371_Lactobacillus_oligofermentans,0.8675598502159119
NC_010353,taxid_1397_Bacillus_circulans,0.8715381026268005
NC_010353,taxid_1129792_Weissella_oryzae,0.8713390827178955
NC_010353,taxid_1297750_Bacteroides_luti,0.8868051171302795
NC_021788,taxid_1737571_Bacillus_oryzisoli,0.8635146617889404
NC_031023,taxid_1737571_Bacillus_oryzisoli,0.8776936531066895
NC_031023,taxid_185300_Paludibacter_propionicigenes,0.8592274785041809
NC_031023,GENERO_Lacrimispora_94868,0.8541975021362305
NC_004302,taxid_1737571_Bacillus_oryzisoli,0.8657019138336182
NC_008721,taxid_1737571_Bacillus_oryzisoli,0.8752102851867676
NC_008721,taxid_33968_Leuconostoc_pseudomesenteroides,0.8518984317779541
NC_008721,taxid_185300_Paludibacter_propionicigenes,0.8688868284225464
NC_008721,GENERO_Lacrimispora_94868,0.8709973692893982
NC_025421,GENERO_Lacrimispora_94868,0.8541516661643982
NC_016562,taxid_1737571_Bacillus_oryzisoli,0.8741937279701233
NC_016562,taxid_185300_Paludibacter_propionicigenes,0.8536880016326904
NC_016562,taxid_165096_Weissella_koreensis,0.8505233526229858
NC_016562,taxid_1397_Bacillus_circulans,0.8577367663383484
NC_016562,taxid_1297750_Bacteroides_luti,0.8521654009819031
NC_021782,GENERO_Lacrimispora_94868,0.852965772151947
NC_024359,taxid_1737571_Bacillus_oryzisoli,0.8591515421867371
NC_004740,taxid_1737571_Bacillus_oryzisoli,0.8564995527267456
NC_021803,taxid_1737571_Bacillus_oryzisoli,0.854427695274353
NC_028905,taxid_1737571_Bacillus_oryzisoli,0.8743513226509094
NC_028905,taxid_1397_Bacillus_circulans,0.8595844507217407
NC_009884,taxid_1737571_Bacillus_oryzisoli,0.8560964465141296
NC_002703,taxid_1737571_Bacillus_oryzisoli,0.8716062903404236
NC_022770,taxid_1737571_Bacillus_oryzisoli,0.8568243980407715
NC_018271,taxid_1737571_Bacillus_oryzisoli,0.870263397693634
NC_018271,taxid_185300_Paludibacter_propionicigenes,0.8501854538917542
NC_019512,taxid_1737571_Bacillus_oryzisoli,0.852868378162384
NC_002747,taxid_1737571_Bacillus_oryzisoli,0.8781984448432922
NC_002747,taxid_185300_Paludibacter_propionicigenes,0.8541179299354553
NC_002747,taxid_1297750_Bacteroides_luti,0.8525983691215515
NC_028684,taxid_1737571_Bacillus_oryzisoli,0.8604671359062195
NC_028684,taxid_185300_Paludibacter_propionicigenes,0.8519296646118164
NC_028684,GENERO_Lacrimispora_94868,0.8581868410110474
NC_015270,taxid_1737571_Bacillus_oryzisoli,0.88190758228302
NC_015270,taxid_185300_Paludibacter_propionicigenes,0.8557749390602112
NC_015270,taxid_165096_Weissella_koreensis,0.8578994870185852
NC_015270,taxid_1397_Bacillus_circulans,0.8637781143188477
NC_015270,taxid_1297750_Bacteroides_luti,0.8576257228851318
NC_019485,taxid_1737571_Bacillus_oryzisoli,0.8552771806716919
NC_019485,taxid_185300_Paludibacter_propionicigenes,0.8505182862281799
NC_019485,GENERO_Lacrimispora_94868,0.8650407195091248
NC_012756,taxid_1737571_Bacillus_oryzisoli,0.8745214343070984
NC_012756,taxid_185300_Paludibacter_propionicigenes,0.8683308959007263
NC_012756,GENERO_Lacrimispora_94868,0.8682068586349487
NC_028838,taxid_1737571_Bacillus_oryzisoli,0.8568354845046997
NC_031904,taxid_1737571_Bacillus_oryzisoli,0.8702086806297302
NC_031904,taxid_1397_Bacillus_circulans,0.8548125624656677
NC_031926,taxid_1737571_Bacillus_oryzisoli,0.8803655505180359
NC_031926,taxid_185300_Paludibacter_propionicigenes,0.8620595335960388
NC_031926,taxid_165096_Weissella_koreensis,0.8582701683044434
NC_031926,GENERO_Lacrimispora_94868,0.8505493998527527
NC_031926,taxid_1397_Bacillus_circulans,0.8633160591125488
NC_031926,taxid_1297750_Bacteroides_luti,0.8609940409660339
NC_023595,taxid_1737571_Bacillus_oryzisoli,0.8810992240905762
NC_023595,taxid_185300_Paludibacter_propionicigenes,0.8651836514472961
NC_023595,taxid_165096_Weissella_koreensis,0.8570218682289124
NC_023595,GENERO_Lacrimispora_94868,0.8653327226638794
NC_023595,taxid_1297750_Bacteroides_luti,0.8516430258750916
NC_018085,taxid_1737571_Bacillus_oryzisoli,0.8738685250282288
NC_017732,taxid_1737571_Bacillus_oryzisoli,0.855633556842804
NC_017688,taxid_1737571_Bacillus_oryzisoli,0.8929812908172607
NC_017688,taxid_33968_Leuconostoc_pseudomesenteroides,0.8551956415176392
NC_017688,taxid_185300_Paludibacter_propionicigenes,0.877194344997406
NC_017688,taxid_165096_Weissella_koreensis,0.8697630167007446
NC_017688,GENERO_Lacrimispora_94868,0.8774099946022034
NC_017688,taxid_293371_Lactobacillus_oligofermentans,0.854748547077179
NC_017688,taxid_1397_Bacillus_circulans,0.865760326385498
NC_017688,taxid_1129792_Weissella_oryzae,0.8513044714927673
NC_017688,taxid_1297750_Bacteroides_luti,0.8677102327346802
NC_028958,taxid_1737571_Bacillus_oryzisoli,0.8568614721298218
NC_013645,taxid_1737571_Bacillus_oryzisoli,0.883184552192688
NC_013645,taxid_185300_Paludibacter_propionicigenes,0.8616348505020142
NC_013645,taxid_165096_Weissella_koreensis,0.851519763469696
NC_013645,GENERO_Lacrimispora_94868,0.856114387512207
NC_013645,taxid_1297750_Bacteroides_luti,0.8540514707565308
NC_007409,taxid_1737571_Bacillus_oryzisoli,0.863861083984375
NC_007409,taxid_185300_Paludibacter_propionicigenes,0.8535852432250977
NC_007409,GENERO_Lacrimispora_94868,0.8529869318008423
NC_029316,taxid_1737571_Bacillus_oryzisoli,0.8771543502807617
NC_029316,taxid_185300_Paludibacter_propionicigenes,0.8593413829803467
NC_029316,taxid_165096_Weissella_koreensis,0.8505556583404541
NC_029316,GENERO_Lacrimispora_94868,0.8523151278495789
NC_024364,taxid_1737571_Bacillus_oryzisoli,0.8599883913993835
NC_024364,GENERO_Lacrimispora_94868,0.8516098260879517
NC_025467,taxid_1737571_Bacillus_oryzisoli,0.8710110187530518
NC_025467,taxid_1397_Bacillus_circulans,0.855683445930481
NC_025467,taxid_1297750_Bacteroides_luti,0.851980447769165
NC_025440,taxid_1737571_Bacillus_oryzisoli,0.8668511509895325
NC_025440,taxid_185300_Paludibacter_propionicigenes,0.8573290109634399
NC_025440,GENERO_Lacrimispora_94868,0.8628610968589783
NC_009815,taxid_1737571_Bacillus_oryzisoli,0.8618342876434326
NC_028917,taxid_1737571_Bacillus_oryzisoli,0.8593251705169678
NC_031064,taxid_1737571_Bacillus_oryzisoli,0.8562723994255066
NC_004066,taxid_1737571_Bacillus_oryzisoli,0.8562746644020081
NC_031044,taxid_1737571_Bacillus_oryzisoli,0.8808040022850037
NC_031044,taxid_185300_Paludibacter_propionicigenes,0.8639106750488281
NC_031044,taxid_165096_Weissella_koreensis,0.8553186655044556
NC_031044,GENERO_Lacrimispora_94868,0.8571697473526001
NC_031044,taxid_1397_Bacillus_circulans,0.8508385419845581
NC_031044,taxid_1297750_Bacteroides_luti,0.8546504378318787
NC_015254,taxid_1737571_Bacillus_oryzisoli,0.8588173389434814
NC_029026,GENERO_Lacrimispora_94868,0.8524847030639648
NC_012753,taxid_1737571_Bacillus_oryzisoli,0.8874439001083374
NC_012753,taxid_185300_Paludibacter_propionicigenes,0.8700518012046814
NC_012753,taxid_165096_Weissella_koreensis,0.8565260767936707
NC_012753,GENERO_Lacrimispora_94868,0.8655714988708496
NC_012753,taxid_1297750_Bacteroides_luti,0.8586191534996033
NC_022763,GENERO_Lacrimispora_94868,0.8563967943191528
NC_028764,taxid_1737571_Bacillus_oryzisoli,0.8507643342018127
NC_027379,taxid_1737571_Bacillus_oryzisoli,0.8696895837783813
NC_027379,taxid_185300_Paludibacter_propionicigenes,0.8625758290290833
NC_027379,GENERO_Lacrimispora_94868,0.8676033020019531
NC_021792,taxid_1737571_Bacillus_oryzisoli,0.8730112314224243
NC_021792,taxid_185300_Paludibacter_propionicigenes,0.8525867462158203
NC_021792,taxid_1397_Bacillus_circulans,0.8545703887939453
NC_021792,taxid_1297750_Bacteroides_luti,0.8521481156349182
NC_010179,taxid_1737571_Bacillus_oryzisoli,0.8851433396339417
NC_010179,taxid_185300_Paludibacter_propionicigenes,0.8714737892150879
NC_010179,taxid_165096_Weissella_koreensis,0.8560703992843628
NC_010179,GENERO_Lacrimispora_94868,0.8702409267425537
NC_010179,taxid_1297750_Bacteroides_luti,0.8542537093162537
NC_028916,taxid_1737571_Bacillus_oryzisoli,0.8611822724342346
NC_028916,taxid_185300_Paludibacter_propionicigenes,0.8546329736709595
NC_028916,GENERO_Lacrimispora_94868,0.8619961738586426
NC_021790,taxid_1737571_Bacillus_oryzisoli,0.8711217641830444
NC_021790,taxid_1397_Bacillus_circulans,0.8533777594566345
NC_007048,taxid_1737571_Bacillus_oryzisoli,0.8540067076683044
NC_022090,taxid_1737571_Bacillus_oryzisoli,0.852703332901001
NC_027997,taxid_1737571_Bacillus_oryzisoli,0.861882746219635
NC_025424,taxid_1737571_Bacillus_oryzisoli,0.8612184524536133
NC_025424,taxid_185300_Paludibacter_propionicigenes,0.8565807342529297
NC_025424,GENERO_Lacrimispora_94868,0.8719388246536255
NC_007054,taxid_1737571_Bacillus_oryzisoli,0.862978458404541
NC_011398,taxid_1737571_Bacillus_oryzisoli,0.8551403880119324
NC_025465,taxid_1737571_Bacillus_oryzisoli,0.887625515460968
NC_025465,taxid_33968_Leuconostoc_pseudomesenteroides,0.8501344919204712
NC_025465,taxid_185300_Paludibacter_propionicigenes,0.8723760843276978
NC_025465,taxid_165096_Weissella_koreensis,0.8636568188667297
NC_025465,GENERO_Lacrimispora_94868,0.8741706609725952
NC_025465,taxid_1397_Bacillus_circulans,0.8547865748405457
NC_025465,taxid_1297750_Bacteroides_luti,0.8584935069084167
NC_000871,taxid_1245_Leuconostoc_mesenteroides,0.8501607775688171
NC_000871,taxid_1737571_Bacillus_oryzisoli,0.9023664593696594
NC_000871,taxid_33968_Leuconostoc_pseudomesenteroides,0.8610319495201111
NC_000871,taxid_185300_Paludibacter_propionicigenes,0.884033203125
NC_000871,taxid_165096_Weissella_koreensis,0.8740537166595459
NC_000871,GENERO_Lacrimispora_94868,0.8797392845153809
NC_000871,taxid_293371_Lactobacillus_oligofermentans,0.8587815165519714
NC_000871,taxid_1397_Bacillus_circulans,0.8681731820106506
NC_000871,taxid_1129792_Weissella_oryzae,0.8561515808105469
NC_000871,taxid_1297750_Bacteroides_luti,0.8795078992843628
NC_005822,taxid_1737571_Bacillus_oryzisoli,0.8702201247215271
NC_028697,taxid_1737571_Bacillus_oryzisoli,0.8891035318374634
NC_028697,taxid_33968_Leuconostoc_pseudomesenteroides,0.8519874811172485
NC_028697,taxid_185300_Paludibacter_propionicigenes,0.8738727569580078
NC_028697,taxid_165096_Weissella_koreensis,0.8579584360122681
NC_028697,GENERO_Lacrimispora_94868,0.8705306053161621
NC_028697,taxid_1297750_Bacteroides_luti,0.8615328073501587
NC_002666,taxid_1737571_Bacillus_oryzisoli,0.8547235131263733
NC_002072,taxid_1737571_Bacillus_oryzisoli,0.8793467879295349
NC_002072,taxid_33968_Leuconostoc_pseudomesenteroides,0.8520352840423584
NC_002072,taxid_185300_Paludibacter_propionicigenes,0.8717001676559448
NC_002072,GENERO_Lacrimispora_94868,0.8707426190376282
NC_009819,taxid_1737571_Bacillus_oryzisoli,0.8759042620658875
NC_009819,taxid_33968_Leuconostoc_pseudomesenteroides,0.8509440422058105
NC_009819,taxid_185300_Paludibacter_propionicigenes,0.8685191869735718
NC_009819,GENERO_Lacrimispora_94868,0.8689690232276917
NC_013646,taxid_1737571_Bacillus_oryzisoli,0.8527106046676636
NC_020481,taxid_1737571_Bacillus_oryzisoli,0.8512861728668213
NC_031013,taxid_1737571_Bacillus_oryzisoli,0.8619158267974854
NC_023599,taxid_1737571_Bacillus_oryzisoli,0.8724285364151001
NC_011222,taxid_1737571_Bacillus_oryzisoli,0.8611931800842285
NC_019507,taxid_1737571_Bacillus_oryzisoli,0.8591387867927551
NC_020849,taxid_1737571_Bacillus_oryzisoli,0.8503211736679077
NC_020849,GENERO_Lacrimispora_94868,0.8712791800498962
NC_002670,taxid_1737571_Bacillus_oryzisoli,0.8641554713249207
NC_009812,taxid_1737571_Bacillus_oryzisoli,0.8712285757064819
NC_019490,taxid_1737571_Bacillus_oryzisoli,0.8777329325675964
NC_019490,taxid_185300_Paludibacter_propionicigenes,0.8621063828468323
NC_019490,taxid_165096_Weissella_koreensis,0.8515529632568359
NC_019490,GENERO_Lacrimispora_94868,0.8603905439376831
NC_019490,taxid_1297750_Bacteroides_luti,0.8511801958084106
NC_000896,taxid_1737571_Bacillus_oryzisoli,0.8704718351364136
NC_000896,taxid_185300_Paludibacter_propionicigenes,0.8622507452964783
NC_000896,GENERO_Lacrimispora_94868,0.8620260953903198
NC_024388,taxid_1737571_Bacillus_oryzisoli,0.8503568768501282
NC_018277,taxid_1737571_Bacillus_oryzisoli,0.8815897107124329
NC_018277,taxid_185300_Paludibacter_propionicigenes,0.8598152995109558
NC_018277,taxid_165096_Weissella_koreensis,0.8502906560897827
NC_018277,GENERO_Lacrimispora_94868,0.8562574982643127
NC_018277,taxid_1297750_Bacteroides_luti,0.8564338088035583
NC_007061,taxid_1737571_Bacillus_oryzisoli,0.860516369342804
NC_015274,taxid_1737571_Bacillus_oryzisoli,0.853725790977478
NC_015274,GENERO_Lacrimispora_94868,0.85837721824646
NC_029011,taxid_1737571_Bacillus_oryzisoli,0.8599162697792053
NC_006268,taxid_1737571_Bacillus_oryzisoli,0.8708027005195618
NC_018861,taxid_1737571_Bacillus_oryzisoli,0.8759962320327759
NC_018861,taxid_185300_Paludibacter_propionicigenes,0.856730580329895
NC_018861,taxid_165096_Weissella_koreensis,0.8539221286773682
NC_018861,taxid_1397_Bacillus_circulans,0.8615236878395081
NC_018861,taxid_1297750_Bacteroides_luti,0.8562313318252563
NC_027394,taxid_1737571_Bacillus_oryzisoli,0.8610539436340332
NC_004165,taxid_1737571_Bacillus_oryzisoli,0.8545739650726318
NC_028848,taxid_1737571_Bacillus_oryzisoli,0.8549882769584656
NC_028848,GENERO_Lacrimispora_94868,0.8610010147094727
NC_007021,taxid_1737571_Bacillus_oryzisoli,0.8500224351882935
NC_011523,taxid_1737571_Bacillus_oryzisoli,0.8728234171867371
NC_011523,taxid_185300_Paludibacter_propionicigenes,0.8533366322517395
NC_028951,taxid_1737571_Bacillus_oryzisoli,0.8653853535652161
NC_028951,taxid_1397_Bacillus_circulans,0.8520427346229553
NC_002667,taxid_1737571_Bacillus_oryzisoli,0.8676454424858093
NC_023581,GENERO_Lacrimispora_94868,0.8608048558235168
NC_028748,taxid_1737571_Bacillus_oryzisoli,0.8807186484336853
NC_028748,taxid_185300_Paludibacter_propionicigenes,0.8605133891105652
NC_028748,GENERO_Lacrimispora_94868,0.8574562072753906
NC_028748,taxid_1297750_Bacteroides_luti,0.8544403910636902
NC_001835,taxid_1245_Leuconostoc_mesenteroides,0.8508458137512207
NC_001835,taxid_1737571_Bacillus_oryzisoli,0.8955740928649902
NC_001835,taxid_33968_Leuconostoc_pseudomesenteroides,0.8583171963691711
NC_001835,taxid_185300_Paludibacter_propionicigenes,0.8796658515930176
NC_001835,taxid_165096_Weissella_koreensis,0.8727314472198486
NC_001835,GENERO_Lacrimispora_94868,0.8802549839019775
NC_001835,taxid_293371_Lactobacillus_oligofermentans,0.8578969240188599
NC_001835,taxid_1397_Bacillus_circulans,0.868107259273529
NC_001835,taxid_1129792_Weissella_oryzae,0.8548513650894165
NC_001835,taxid_1297750_Bacteroides_luti,0.869443953037262
NC_024149,taxid_1737571_Bacillus_oryzisoli,0.8504319190979004
NC_022776,taxid_1245_Leuconostoc_mesenteroides,0.8567743897438049
NC_022776,taxid_1737571_Bacillus_oryzisoli,0.900359034538269
NC_022776,taxid_33968_Leuconostoc_pseudomesenteroides,0.8689549565315247
NC_022776,taxid_185300_Paludibacter_propionicigenes,0.8878287076950073
NC_022776,taxid_165096_Weissella_koreensis,0.8727754354476929
NC_022776,GENERO_Lacrimispora_94868,0.8843306303024292
NC_022776,taxid_293371_Lactobacillus_oligofermentans,0.8556022644042969
NC_022776,taxid_1397_Bacillus_circulans,0.8572000861167908
NC_022776,taxid_1129792_Weissella_oryzae,0.8621435165405273
NC_022776,taxid_1297750_Bacteroides_luti,0.8756343126296997
NC_028700,taxid_1737571_Bacillus_oryzisoli,0.870555579662323
NC_028700,taxid_185300_Paludibacter_propionicigenes,0.8569286465644836
NC_028700,GENERO_Lacrimispora_94868,0.8518650531768799
NC_019422,taxid_1737571_Bacillus_oryzisoli,0.8688525557518005
NC_019422,taxid_1397_Bacillus_circulans,0.8569565415382385
NC_013643,taxid_1737571_Bacillus_oryzisoli,0.8609228134155273
NC_018264,taxid_1737571_Bacillus_oryzisoli,0.8730744123458862
NC_018264,taxid_185300_Paludibacter_propionicigenes,0.8668906688690186
NC_018264,GENERO_Lacrimispora_94868,0.8671479225158691
NC_018086,GENERO_Lacrimispora_94868,0.8643579483032227
NC_018284,taxid_1737571_Bacillus_oryzisoli,0.8660671710968018
NC_029048,taxid_1737571_Bacillus_oryzisoli,0.8707075119018555
NC_029048,taxid_1397_Bacillus_circulans,0.8595516681671143
NC_031008,taxid_1737571_Bacillus_oryzisoli,0.864546537399292
NC_031008,taxid_1397_Bacillus_circulans,0.8528984785079956
NC_007053,taxid_1737571_Bacillus_oryzisoli,0.867716908454895
NC_007053,taxid_1397_Bacillus_circulans,0.8504102230072021
NC_027341,taxid_1737571_Bacillus_oryzisoli,0.8718411326408386
NC_027341,taxid_185300_Paludibacter_propionicigenes,0.8536696434020996
NC_027341,GENERO_Lacrimispora_94868,0.8544734120368958
NC_031920,GENERO_Lacrimispora_94868,0.8539521098136902
NC_029118,taxid_1737571_Bacillus_oryzisoli,0.8502187132835388
NC_029118,GENERO_Lacrimispora_94868,0.8539860248565674
NC_031912,taxid_1737571_Bacillus_oryzisoli,0.8712165355682373
NC_031912,taxid_1397_Bacillus_circulans,0.8560422658920288
NC_031912,taxid_1297750_Bacteroides_luti,0.8502889275550842
NC_031094,taxid_1737571_Bacillus_oryzisoli,0.8717926144599915
NC_031094,taxid_185300_Paludibacter_propionicigenes,0.857160210609436
NC_031094,GENERO_Lacrimispora_94868,0.8518990874290466
NC_004585,taxid_1737571_Bacillus_oryzisoli,0.877788245677948
NC_004585,taxid_185300_Paludibacter_propionicigenes,0.8579086065292358
NC_004585,GENERO_Lacrimispora_94868,0.8535031676292419
NC_004585,taxid_1297750_Bacteroides_luti,0.8508933782577515
NC_028782,taxid_1737571_Bacillus_oryzisoli,0.8593294024467468
NC_024387,taxid_1737571_Bacillus_oryzisoli,0.874012291431427
NC_024387,taxid_185300_Paludibacter_propionicigenes,0.8539056777954102
NC_002671,taxid_1737571_Bacillus_oryzisoli,0.8875042796134949
NC_002671,taxid_185300_Paludibacter_propionicigenes,0.8641206622123718
NC_002671,taxid_165096_Weissella_koreensis,0.8570237159729004
NC_002671,GENERO_Lacrimispora_94868,0.8588737845420837
NC_002671,taxid_1397_Bacillus_circulans,0.8594909906387329
NC_002671,taxid_1297750_Bacteroides_luti,0.8635918498039246
NC_005294,taxid_1737571_Bacillus_oryzisoli,0.8685652017593384
NC_005294,taxid_185300_Paludibacter_propionicigenes,0.8607978224754333
NC_005294,GENERO_Lacrimispora_94868,0.8652852177619934
NC_027372,taxid_1737571_Bacillus_oryzisoli,0.8654648661613464
NC_027372,taxid_185300_Paludibacter_propionicigenes,0.8527151942253113
NC_024215,taxid_1737571_Bacillus_oryzisoli,0.8711909651756287
NC_015937,taxid_1737571_Bacillus_oryzisoli,0.8665684461593628
NC_021796,taxid_1737571_Bacillus_oryzisoli,0.8560991287231445
NC_021796,taxid_185300_Paludibacter_propionicigenes,0.8502510786056519
NC_021796,GENERO_Lacrimispora_94868,0.8617894649505615
NC_021868,GENERO_Lacrimispora_94868,0.8639917373657227
NC_031039,taxid_1737571_Bacillus_oryzisoli,0.8528674244880676
