	barcode01_barcode01_clean	barcode06_barcode06_clean	barcode07_barcode07_clean	barcode08_barcode08_clean	barcode09_barcode09_clean	barcode10_barcode10_clean	barcode12_barcode12_clean	barcode13_barcode13_clean	barcode14_barcode14_clean	barcode18_barcode18_clean	barcode19_barcode19_clean	barcode20_barcode20_clean	barcode21_barcode21_clean	barcode23_barcode23_clean	barcode25_barcode25_clean	barcode30_barcode30_clean	barcode31_barcode31_clean	barcode33_barcode33_clean	barcode35_barcode35_clean	barcode36_barcode36_clean	barcode40_barcode40_clean	barcode56_barcode56_clean	barcode59_barcode59_clean	barcode62_barcode62_clean	barcode63_barcode63_clean	barcode64_barcode64_clean	barcode70_barcode70_clean	barcode72_barcode72_clean
barcode01_barcode01_clean	0.0	0.8687838912460522	0.9670103092783506	0.9621166522107802	0.8551658905475261	0.7752269920285453	0.9670103092783506	0.9865223082934037	0.9791959690257963	0.9868706426872735	0.9670103092783506	0.9809387742387078	0.9431157440845227	0.9115987299377142	0.8121332618829661	0.8637950329511827	0.9670103092783505	0.7591601115554811	0.9544759093986898	0.9734513962780116	0.6599385307311159	0.8415244036263331	0.9370718432878087	0.8334255829801378	0.9740491306962322	0.8897804412823122	0.9681067688635948	0.6936976694069691
barcode06_barcode06_clean	0.8687838912460522	0.0	0.7711223095917291	0.7673287615813813	0.5389914361092701	0.9251873964036539	0.8076585790594508	0.9869305965449092	0.9774040372552997	0.986178820927778	0.939076182704499	0.971598171263541	0.7303067956485798	0.657224115323179	0.6334320083380114	0.6781772060134169	0.7699543038922451	0.8282391973821434	0.7389397440658565	0.9563522495705484	0.8169501657205701	0.5749126677730526	0.8909862414264367	0.8093968963822555	0.9722571989257355	0.7307261789969935	0.9462684395973573	0.704044128224806
barcode07_barcode07_clean	0.9670103092783506	0.7711223095917291	0.0	0.10870138020060086	0.6440743700162763	0.9710573325300643	0.7888692274962932	0.962298512713958	0.9549721734463508	0.9626468471078279	0.9197722832986712	0.9402776451424895	0.26214000759876943	0.8107056105740417	0.8550864475676914	0.4518816860225351	0.04366655679623535	0.8575092823933546	0.21769232797324084	0.9373579566202457	0.9688026981450254	0.8079591042056709	0.9283437580892621	0.9846529473317058	0.9498253351167867	0.4942839129121296	0.965290122126089	0.6858496963577766
barcode08_barcode08_clean	0.9621166522107802	0.7673287615813813	0.10870138020060086	0.0	0.639180712948706	0.9710573325300644	0.6850615043632624	0.8609376181147121	0.8536112788471051	0.8588391239747972	0.8159645601656408	0.8603175287529543	0.22793831292993752	0.8033651249726866	0.8501927905001213	0.4547937091633912	0.11382766880528544	0.878910060603065	0.10899094777264001	0.9710045677442265	0.9639090410774553	0.7697652160587977	0.9275608230662924	0.9797592902641357	0.8460176119837558	0.5001988991393366	0.9689816831116247	0.6809560392902065
barcode09_barcode09_clean	0.8551658905475261	0.5389914361092701	0.6440743700162763	0.639180712948706	0.0	0.8942942777191699	0.7803903975309734	0.9629234294593814	0.9555970901917741	0.9632717638532515	0.9161691256299723	0.9490082821451038	0.6091597146856786	0.5080499873770986	0.6309108694246168	0.5407637366218663	0.6479063617974332	0.7912594281597987	0.6134493730471408	0.9695882347241737	0.8026369795566838	0.6904541910554699	0.8749388171313378	0.7964441341464547	0.9504502518622099	0.5794493334155747	0.9612900097400879	0.5506935736983452
barcode10_barcode10_clean	0.7752269920285453	0.9251873964036539	0.9710573325300643	0.9710573325300644	0.8942942777191699	0.0	0.9671730586834043	0.9785489846840102	0.971222645416403	0.97889731907788	0.968882894259951	0.9690811767826544	0.9639721154142719	0.9581226289925756	0.9295309554608235	0.9652826818233101	0.9710573325300644	0.9445389633165926	0.9671730586834044	0.9806668553931133	0.8232732462801732	0.9203871684891423	0.9511520465812723	0.9169402619116139	0.9710573325300643	0.8002030694733366	0.9688680422716975	0.8953818636776616
barcode12_barcode12_clean	0.9670103092783506	0.8076585790594508	0.7888692274962932	0.6850615043632624	0.7803903975309734	0.9671730586834043	0.0	0.19902243448188123	0.6656010300489994	0.19684127852338287	0.1517922764441127	0.1939768917731993	0.7392678950942084	0.7949384959660872	0.8422069627470993	0.8158024912229134	0.7939128542823944	0.871715766916593	0.6406436823381454	0.9637276122391716	0.9566258169634358	0.7617793883057754	0.9258142677368937	0.9717734625111136	0.18401976653234126	0.7829574075941005	0.9688990212930416	0.8152777245812981
barcode13_barcode13_clean	0.9865223082934037	0.9869305965449092	0.962298512713958	0.8609376181147121	0.9629234294593814	0.9785489846840102	0.19902243448188123	0.0	0.6729273693166068	0.18313688382551485	0.11832208706785502	0.05424403432069019	0.9310960358896179	0.9863877224141541	0.9825131444904254	0.9917612667929466	0.9698716298524278	0.9782748856129914	0.8294819427287708	0.992778858878141	0.9829192763572413	0.928998281634655	0.9634448954819333	0.989158060309772	0.08562707319030578	0.9563866928117655	0.9839743840036146	0.9887070097989633
barcode14_barcode14_clean	0.9791959690257963	0.9774040372552997	0.9549721734463508	0.8536112788471051	0.9555970901917741	0.971222645416403	0.6656010300489994	0.6729273693166068	0.0	0.6590257892000659	0.6656010300489995	0.6649080703421315	0.9193546855844833	0.9790613831465469	0.9751868052228183	0.9844349275253395	0.9625452905848204	0.970948546345384	0.8221556034611635	0.9619513774929791	0.9755929370896339	0.8631853846094656	0.9511268756818803	0.9846529473317056	0.6656010300489993	0.9490603535441584	0.9737909018788647	0.9813806705313561
barcode18_barcode18_clean	0.9868706426872735	0.986178820927778	0.9626468471078279	0.8588391239747972	0.9632717638532515	0.97889731907788	0.19684127852338287	0.18313688382551485	0.6590257892000659	0.0	0.11434754948906707	0.17573767421279748	0.8315506225846805	0.984125090750583	0.9828614788842955	0.9870372053698506	0.9616743197775062	0.9786232200068614	0.8203177919815254	0.8534431071826998	0.9832676107511111	0.9107206351210078	0.9539186897565912	0.989506394703642	0.17759267097071743	0.9567350272056356	0.8465523566601486	0.9890553441928331
barcode19_barcode19_clean	0.9670103092783506	0.939076182704499	0.9197722832986712	0.8159645601656408	0.9161691256299723	0.968882894259951	0.1517922764441127	0.11832208706785502	0.6656010300489995	0.11434754948906707	0.0	0.11347392329197448	0.81760603386777	0.9377706056425921	0.9378124768050252	0.944162641560694	0.9187997559683495	0.9357486561977046	0.7732151537582466	0.9018836130395654	0.9666282598749119	0.8842976139492549	0.9184692179700501	0.9824785090615922	0.10030469661588619	0.9138604633964789	0.8998607284069635	0.9461807803836765
barcode20_barcode20_clean	0.9809387742387078	0.971598171263541	0.9402776451424895	0.8603175287529543	0.9490082821451038	0.9690811767826544	0.1939768917731993	0.05424403432069019	0.6649080703421315	0.17573767421279748	0.11347392329197448	0.0	0.9228495499118038	0.975073251983814	0.9725041570888059	0.9857823257565475	0.9692515404906696	0.9447251188575378	0.8205302401074309	0.9592290921226875	0.9729102889556216	0.9115900846203184	0.9594970190985447	0.9791490729081527	0.08500698382854753	0.9390461402530381	0.9819257232132852	0.9880869204372051
barcode21_barcode21_clean	0.9431157440845227	0.7303067956485798	0.26214000759876943	0.22793831292993752	0.6091597146856786	0.9639721154142719	0.7392678950942084	0.9310960358896179	0.9193546855844833	0.8315506225846805	0.81760603386777	0.9228495499118038	0.0	0.7432751133073017	0.7961636470925658	0.441143952879311	0.26324063326860436	0.872300869367531	0.20115983152129677	0.8581051099478579	0.920447864691487	0.7239973749917432	0.903852933115883	0.9210474102348682	0.9097034182462411	0.49647932881738843	0.8626190721560022	0.6618996964305309
barcode23_barcode23_clean	0.9115987299377142	0.657224115323179	0.8107056105740417	0.8033651249726866	0.5080499873770986	0.9581226289925756	0.7949384959660872	0.9863877224141541	0.9790613831465469	0.984125090750583	0.9377706056425921	0.975073251983814	0.7432751133073017	0.0	0.6867655780215021	0.6150846197838876	0.8030291138743649	0.772849311922416	0.7765913862578281	0.9682294641631292	0.838253402790081	0.7653064807474966	0.8529755626927116	0.828779608114729	0.9660816466434693	0.6752773317526195	0.9582940186836596	0.7389720629606085
barcode25_barcode25_clean	0.8121332618829661	0.6334320083380114	0.8550864475676914	0.8501927905001213	0.6309108694246168	0.9295309554608235	0.8422069627470993	0.9825131444904254	0.9751868052228183	0.9828614788842955	0.9378124768050252	0.9725041570888059	0.7961636470925658	0.6867655780215021	0.0	0.770851061605917	0.8550864475676914	0.8400074171857437	0.8247654011943264	0.9734513962780116	0.7357889751648546	0.6368025741615111	0.9104393911956874	0.4274205283126811	0.970039966893254	0.6938166691355716	0.9585700278239406	0.6846633099765174
barcode30_barcode30_clean	0.8637950329511827	0.6781772060134169	0.4518816860225351	0.4547937091633912	0.5407637366218663	0.9652826818233101	0.8158024912229134	0.9917612667929466	0.9844349275253395	0.9870372053698506	0.944162641560694	0.9857823257565475	0.441143952879311	0.6150846197838876	0.770851061605917	0.0	0.4521681418802102	0.7234383378619946	0.45216814188021004	0.9630201487864043	0.8565798789460488	0.8253886230100371	0.8569275943362289	0.8895918646882612	0.9742156933788092	0.5351082785134462	0.9684273706540614	0.6213661549204667
barcode31_barcode31_clean	0.9670103092783505	0.7699543038922451	0.04366655679623535	0.11382766880528544	0.6479063617974332	0.9710573325300644	0.7939128542823944	0.9698716298524278	0.9625452905848204	0.9616743197775062	0.9187997559683495	0.9692515404906696	0.26324063326860436	0.8030291138743649	0.8550864475676914	0.4521681418802102	0.0	0.8751506621068245	0.2129604021466784	0.9649057518092201	0.9688026981450254	0.8155322213441404	0.9278887415017804	0.9846529473317056	0.951854239400459	0.518577493247569	0.9628828671766183	0.682090297861536
barcode33_barcode33_clean	0.7591601115554811	0.8282391973821434	0.8575092823933546	0.878910060603065	0.7912594281597987	0.9445389633165926	0.871715766916593	0.9782748856129914	0.970948546345384	0.9786232200068614	0.9357486561977046	0.9447251188575378	0.872300869367531	0.772849311922416	0.8400074171857437	0.7234383378619946	0.8751506621068245	0.0	0.858283398740021	0.7802680436768084	0.8448643586494752	0.8789100606030649	0.74249891972718	0.9382031343938487	0.9658017080158199	0.8621895974060952	0.9671414551102666	0.7643130386839919
barcode35_barcode35_clean	0.9544759093986898	0.7389397440658565	0.21769232797324084	0.10899094777264001	0.6134493730471408	0.9671730586834044	0.6406436823381454	0.8294819427287708	0.8221556034611635	0.8203177919815254	0.7732151537582466	0.8205302401074309	0.20115983152129677	0.7765913862578281	0.8247654011943264	0.45216814188021004	0.2129604021466784	0.858283398740021	0.0	0.9639389111368961	0.9440914170837751	0.7443378267530029	0.9188312729481469	0.9543319009583409	0.8114645522768019	0.4925581563272457	0.9619160265042946	0.6526886346150719
barcode36_barcode36_clean	0.9734513962780116	0.9563522495705484	0.9373579566202457	0.9710045677442265	0.9695882347241737	0.9806668553931133	0.9637276122391716	0.992778858878141	0.9619513774929791	0.8534431071826998	0.9018836130395654	0.9592290921226875	0.8581051099478579	0.9682294641631292	0.9734513962780116	0.9630201487864043	0.9649057518092201	0.7802680436768084	0.9639389111368961	0.0	0.9786622806659252	0.9499502541604566	0.9552573886047228	0.9882737459000748	0.9462838190099344	0.9567309330810417	0.3761326958263821	0.9734513962780115
barcode40_barcode40_clean	0.6599385307311159	0.8169501657205701	0.9688026981450254	0.9639090410774553	0.8026369795566838	0.8232732462801732	0.9566258169634358	0.9829192763572413	0.9755929370896339	0.9832676107511111	0.9666282598749119	0.9729102889556216	0.920447864691487	0.838253402790081	0.7357889751648546	0.8565798789460488	0.9688026981450254	0.8448643586494752	0.9440914170837751	0.9786622806659252	0.0	0.7695036880123033	0.7836418379781562	0.7286857915220325	0.9704460987600697	0.8607666829804825	0.9627003594672339	0.6993939943803111
barcode56_barcode56_clean	0.8415244036263331	0.5749126677730526	0.8079591042056709	0.7697652160587977	0.6904541910554699	0.9203871684891423	0.7617793883057754	0.928998281634655	0.8631853846094656	0.9107206351210078	0.8842976139492549	0.9115900846203184	0.7239973749917432	0.7653064807474966	0.6368025741615111	0.8253886230100371	0.8155322213441404	0.8789100606030649	0.7443378267530029	0.9499502541604566	0.7695036880123033	0.0	0.9128382993441873	0.7813179441925621	0.9165251040374836	0.6884844339228867	0.9627017017166626	0.6853045955966921
barcode59_barcode59_clean	0.9370718432878087	0.8909862414264367	0.9283437580892621	0.9275608230662924	0.8749388171313378	0.9511520465812723	0.9258142677368937	0.9634448954819333	0.9511268756818803	0.9539186897565912	0.9184692179700501	0.9594970190985447	0.903852933115883	0.8529755626927116	0.9104393911956874	0.8569275943362289	0.9278887415017804	0.74249891972718	0.9188312729481469	0.9552573886047228	0.7836418379781562	0.9128382993441873	0.0	0.9361115729406989	0.9454275050299646	0.9227589747340518	0.9482948444755235	0.9162746308256194
barcode62_barcode62_clean	0.8334255829801378	0.8093968963822555	0.9846529473317058	0.9797592902641357	0.7964441341464547	0.9169402619116139	0.9717734625111136	0.989158060309772	0.9846529473317056	0.989506394703642	0.9824785090615922	0.9791490729081527	0.9210474102348682	0.828779608114729	0.4274205283126811	0.8895918646882612	0.9846529473317056	0.9382031343938487	0.9543319009583409	0.9882737459000748	0.7286857915220325	0.7813179441925621	0.9361115729406989	0.0	0.9846529473317058	0.8876879440631534	0.9732229992049551	0.7947874023276288
barcode63_barcode63_clean	0.9740491306962322	0.9722571989257355	0.9498253351167867	0.8460176119837558	0.9504502518622099	0.9710573325300643	0.18401976653234126	0.08562707319030578	0.6656010300489993	0.17759267097071743	0.10030469661588619	0.08500698382854753	0.9097034182462411	0.9660816466434693	0.970039966893254	0.9742156933788092	0.951854239400459	0.9658017080158199	0.8114645522768019	0.9462838190099344	0.9704460987600697	0.9165251040374836	0.9454275050299646	0.9846529473317058	0.0	0.9439135152145941	0.9506592965331698	0.9762338322017918
barcode64_barcode64_clean	0.8897804412823122	0.7307261789969935	0.4942839129121296	0.5001988991393366	0.5794493334155747	0.8002030694733366	0.7829574075941005	0.9563866928117655	0.9490603535441584	0.9567350272056356	0.9138604633964789	0.9390461402530381	0.49647932881738843	0.6752773317526195	0.6938166691355716	0.5351082785134462	0.518577493247569	0.8621895974060952	0.4925581563272457	0.9567309330810417	0.8607666829804825	0.6884844339228867	0.9227589747340518	0.8876879440631534	0.9439135152145941	0.0	0.9628752703266561	0.5829281277174532
barcode70_barcode70_clean	0.9681067688635948	0.9462684395973573	0.965290122126089	0.9689816831116247	0.9612900097400879	0.9688680422716975	0.9688990212930416	0.9839743840036146	0.9737909018788647	0.8465523566601486	0.8998607284069635	0.9819257232132852	0.8626190721560022	0.9582940186836596	0.9585700278239406	0.9684273706540614	0.9628828671766183	0.9671414551102666	0.9619160265042946	0.3761326958263821	0.9627003594672339	0.9627017017166626	0.9482948444755235	0.9732229992049551	0.9506592965331698	0.9628752703266561	0.0	0.9688629346744357
barcode72_barcode72_clean	0.6936976694069691	0.704044128224806	0.6858496963577766	0.6809560392902065	0.5506935736983452	0.8953818636776616	0.8152777245812981	0.9887070097989633	0.9813806705313561	0.9890553441928331	0.9461807803836765	0.9880869204372051	0.6618996964305309	0.7389720629606085	0.6846633099765174	0.6213661549204667	0.682090297861536	0.7643130386839919	0.6526886346150719	0.9734513962780115	0.6993939943803111	0.6853045955966921	0.9162746308256194	0.7947874023276288	0.9762338322017918	0.5829281277174532	0.9688629346744357	0.0
