sample,in_raw,after_pychopper,final,pct_after_pychopper_vs_raw,pct_final_vs_raw,final_path
SRR26147154,29554,15514,15504,52.49,52.46,/home/fenrir/16S_filt/SRR26147154/SRR26147154_clean.fastq
SRR26147165,29479,15392,15383,52.21,52.18,/home/fenrir/16S_filt/SRR26147165/SRR26147165_clean.fastq
SRR26147176,22005,11047,11041,50.20,50.17,/home/fenrir/16S_filt/SRR26147176/SRR26147176_clean.fastq
SRR26147181,14944,7941,7939,53.14,53.12,/home/fenrir/16S_filt/SRR26147181/SRR26147181_clean.fastq
SRR26147182,36165,18600,18591,51.43,51.41,/home/fenrir/16S_filt/SRR26147182/SRR26147182_clean.fastq
SRR26147183,28539,14924,14920,52.29,52.28,/home/fenrir/16S_filt/SRR26147183/SRR26147183_clean.fastq
SRR26147184,32047,16803,16795,52.43,52.41,/home/fenrir/16S_filt/SRR26147184/SRR26147184_clean.fastq
SRR26147185,34905,18084,18076,51.81,51.79,/home/fenrir/16S_filt/SRR26147185/SRR26147185_clean.fastq
SRR26147186,35922,19069,19060,53.08,53.06,/home/fenrir/16S_filt/SRR26147186/SRR26147186_clean.fastq
SRR26147187,32574,16870,16858,51.79,51.75,/home/fenrir/16S_filt/SRR26147187/SRR26147187_clean.fastq
SRR26147188,29984,15767,15760,52.58,52.56,/home/fenrir/16S_filt/SRR26147188/SRR26147188_clean.fastq
SRR26147189,23306,12026,12016,51.60,51.56,/home/fenrir/16S_filt/SRR26147189/SRR26147189_clean.fastq
SRR26147190,20532,10379,10376,50.55,50.54,/home/fenrir/16S_filt/SRR26147190/SRR26147190_clean.fastq
SRR26147191,27584,14033,14023,50.87,50.84,/home/fenrir/16S_filt/SRR26147191/SRR26147191_clean.fastq
SRR26147192,25506,13795,13789,54.09,54.06,/home/fenrir/16S_filt/SRR26147192/SRR26147192_clean.fastq
SRR26147193,29031,15007,15003,51.69,51.68,/home/fenrir/16S_filt/SRR26147193/SRR26147193_clean.fastq
SRR26147194,30521,16027,16018,52.51,52.48,/home/fenrir/16S_filt/SRR26147194/SRR26147194_clean.fastq
SRR26147195,32231,16660,16652,51.69,51.66,/home/fenrir/16S_filt/SRR26147195/SRR26147195_clean.fastq
SRR26147196,30327,15949,15940,52.59,52.56,/home/fenrir/16S_filt/SRR26147196/SRR26147196_clean.fastq
SRR26147197,41412,21095,21082,50.94,50.91,/home/fenrir/16S_filt/SRR26147197/SRR26147197_clean.fastq
SRR26147198,18692,10022,10022,53.62,53.62,/home/fenrir/16S_filt/SRR26147198/SRR26147198_clean.fastq
SRR26147199,23676,12539,12533,52.96,52.94,/home/fenrir/16S_filt/SRR26147199/SRR26147199_clean.fastq
SRR26147200,29336,15471,15461,52.74,52.70,/home/fenrir/16S_filt/SRR26147200/SRR26147200_clean.fastq
SRR26147201,40709,20212,20206,49.65,49.64,/home/fenrir/16S_filt/SRR26147201/SRR26147201_clean.fastq
SRR26147202,25252,13152,13147,52.08,52.06,/home/fenrir/16S_filt/SRR26147202/SRR26147202_clean.fastq
SRR26147203,17911,9276,9272,51.79,51.77,/home/fenrir/16S_filt/SRR26147203/SRR26147203_clean.fastq
SRR26147216,28992,14598,14589,50.35,50.32,/home/fenrir/16S_filt/SRR26147216/SRR26147216_clean.fastq
SRR26147217,26229,13730,13724,52.35,52.32,/home/fenrir/16S_filt/SRR26147217/SRR26147217_clean.fastq
SRR26147228,30998,16038,16029,51.74,51.71,/home/fenrir/16S_filt/SRR26147228/SRR26147228_clean.fastq
SRR26147239,31188,16253,16247,52.11,52.09,/home/fenrir/16S_filt/SRR26147239/SRR26147239_clean.fastq
SRR26147265,22233,11264,11261,50.66,50.65,/home/fenrir/16S_filt/SRR26147265/SRR26147265_clean.fastq
SRR26147276,42222,21608,21600,51.18,51.16,/home/fenrir/16S_filt/SRR26147276/SRR26147276_clean.fastq
SRR26147286,14271,7284,7281,51.04,51.02,/home/fenrir/16S_filt/SRR26147286/SRR26147286_clean.fastq
SRR26147287,20063,10418,10411,51.93,51.89,/home/fenrir/16S_filt/SRR26147287/SRR26147287_clean.fastq
SRR26147288,28026,14328,14319,51.12,51.09,/home/fenrir/16S_filt/SRR26147288/SRR26147288_clean.fastq
SRR26147289,33334,17926,17921,53.78,53.76,/home/fenrir/16S_filt/SRR26147289/SRR26147289_clean.fastq
SRR26147290,22108,11824,11818,53.48,53.46,/home/fenrir/16S_filt/SRR26147290/SRR26147290_clean.fastq
SRR26147292,28388,15144,15141,53.35,53.34,/home/fenrir/16S_filt/SRR26147292/SRR26147292_clean.fastq
SRR26147303,16617,8781,8773,52.84,52.80,/home/fenrir/16S_filt/SRR26147303/SRR26147303_clean.fastq
SRR26147314,38828,20196,20186,52.01,51.99,/home/fenrir/16S_filt/SRR26147314/SRR26147314_clean.fastq
SRR26147329,19112,9462,9460,49.51,49.50,/home/fenrir/16S_filt/SRR26147329/SRR26147329_clean.fastq
SRR26147340,42838,22438,22427,52.38,52.35,/home/fenrir/16S_filt/SRR26147340/SRR26147340_clean.fastq
SRR26147351,26016,13750,13738,52.85,52.81,/home/fenrir/16S_filt/SRR26147351/SRR26147351_clean.fastq
SRR26147365,16344,8289,8282,50.72,50.67,/home/fenrir/16S_filt/SRR26147365/SRR26147365_clean.fastq
SRR26147376,42843,20995,20984,49.00,48.98,/home/fenrir/16S_filt/SRR26147376/SRR26147376_clean.fastq
SRR26147387,40446,20473,20462,50.62,50.59,/home/fenrir/16S_filt/SRR26147387/SRR26147387_clean.fastq
SRR26147388,27376,14643,14635,53.49,53.46,/home/fenrir/16S_filt/SRR26147388/SRR26147388_clean.fastq
SRR26147389,26136,13925,13916,53.28,53.24,/home/fenrir/16S_filt/SRR26147389/SRR26147389_clean.fastq
SRR26147390,31175,16485,16474,52.88,52.84,/home/fenrir/16S_filt/SRR26147390/SRR26147390_clean.fastq
SRR26147391,33527,16906,16900,50.43,50.41,/home/fenrir/16S_filt/SRR26147391/SRR26147391_clean.fastq
SRR26147392,19180,9904,9896,51.64,51.60,/home/fenrir/16S_filt/SRR26147392/SRR26147392_clean.fastq
SRR26147393,14482,7420,7415,51.24,51.20,/home/fenrir/16S_filt/SRR26147393/SRR26147393_clean.fastq
SRR26147394,29279,14891,14885,50.86,50.84,/home/fenrir/16S_filt/SRR26147394/SRR26147394_clean.fastq
SRR26147395,23407,11901,11894,50.84,50.81,/home/fenrir/16S_filt/SRR26147395/SRR26147395_clean.fastq
SRR26147396,24827,12935,12929,52.10,52.08,/home/fenrir/16S_filt/SRR26147396/SRR26147396_clean.fastq
SRR26147397,19635,10016,10015,51.01,51.01,/home/fenrir/16S_filt/SRR26147397/SRR26147397_clean.fastq
SRR26147398,21843,11137,11130,50.99,50.95,/home/fenrir/16S_filt/SRR26147398/SRR26147398_clean.fastq
SRR26147399,26323,13767,13762,52.30,52.28,/home/fenrir/16S_filt/SRR26147399/SRR26147399_clean.fastq
SRR26147400,22930,11926,11920,52.01,51.98,/home/fenrir/16S_filt/SRR26147400/SRR26147400_clean.fastq
SRR26147401,20726,10713,10707,51.69,51.66,/home/fenrir/16S_filt/SRR26147401/SRR26147401_clean.fastq
SRR26147402,22382,11600,11592,51.83,51.79,/home/fenrir/16S_filt/SRR26147402/SRR26147402_clean.fastq
SRR26147403,29062,15294,15288,52.63,52.60,/home/fenrir/16S_filt/SRR26147403/SRR26147403_clean.fastq
SRR26147404,16696,8753,8747,52.43,52.39,/home/fenrir/16S_filt/SRR26147404/SRR26147404_clean.fastq
SRR26147405,14093,7474,7472,53.03,53.02,/home/fenrir/16S_filt/SRR26147405/SRR26147405_clean.fastq
SRR26147406,24896,13078,13070,52.53,52.50,/home/fenrir/16S_filt/SRR26147406/SRR26147406_clean.fastq
SRR26147407,25447,13072,13063,51.37,51.33,/home/fenrir/16S_filt/SRR26147407/SRR26147407_clean.fastq
SRR26147408,13930,7422,7420,53.28,53.27,/home/fenrir/16S_filt/SRR26147408/SRR26147408_clean.fastq
SRR26147409,25366,13250,13244,52.24,52.21,/home/fenrir/16S_filt/SRR26147409/SRR26147409_clean.fastq
SRR26147410,34129,17556,17544,51.44,51.40,/home/fenrir/16S_filt/SRR26147410/SRR26147410_clean.fastq
SRR26147411,36556,18672,18664,51.08,51.06,/home/fenrir/16S_filt/SRR26147411/SRR26147411_clean.fastq
SRR26147412,21163,10491,10487,49.57,49.55,/home/fenrir/16S_filt/SRR26147412/SRR26147412_clean.fastq
SRR26147413,29845,15275,15265,51.18,51.15,/home/fenrir/16S_filt/SRR26147413/SRR26147413_clean.fastq
SRR26147414,21128,11039,11031,52.25,52.21,/home/fenrir/16S_filt/SRR26147414/SRR26147414_clean.fastq
SRR26147415,18198,9266,9261,50.92,50.89,/home/fenrir/16S_filt/SRR26147415/SRR26147415_clean.fastq
SRR26147416,12622,6528,6522,51.72,51.67,/home/fenrir/16S_filt/SRR26147416/SRR26147416_clean.fastq
SRR26147417,43819,22569,22559,51.51,51.48,/home/fenrir/16S_filt/SRR26147417/SRR26147417_clean.fastq
SRR26147418,32495,17022,17018,52.38,52.37,/home/fenrir/16S_filt/SRR26147418/SRR26147418_clean.fastq
SRR26147421,36236,18569,18566,51.24,51.24,/home/fenrir/16S_filt/SRR26147421/SRR26147421_clean.fastq
SRR26147432,30426,15489,15484,50.91,50.89,/home/fenrir/16S_filt/SRR26147432/SRR26147432_clean.fastq
SRR26147443,19751,10238,10236,51.84,51.83,/home/fenrir/16S_filt/SRR26147443/SRR26147443_clean.fastq
SRR26147458,21634,11502,11499,53.17,53.15,/home/fenrir/16S_filt/SRR26147458/SRR26147458_clean.fastq
SRR26147469,21620,11436,11433,52.90,52.88,/home/fenrir/16S_filt/SRR26147469/SRR26147469_clean.fastq
SRR26147470,15172,7705,7705,50.78,50.78,/home/fenrir/16S_filt/SRR26147470/SRR26147470_clean.fastq
SRR26147481,20487,10824,10820,52.83,52.81,/home/fenrir/16S_filt/SRR26147481/SRR26147481_clean.fastq
SRR26147483,25120,12497,12492,49.75,49.73,/home/fenrir/16S_filt/SRR26147483/SRR26147483_clean.fastq
SRR26147494,30646,15751,15742,51.40,51.37,/home/fenrir/16S_filt/SRR26147494/SRR26147494_clean.fastq
SRR26147505,27985,14430,14426,51.56,51.55,/home/fenrir/16S_filt/SRR26147505/SRR26147505_clean.fastq
SRR26147516,40466,20726,20705,51.22,51.17,/home/fenrir/16S_filt/SRR26147516/SRR26147516_clean.fastq
