Sample	Shannon	Observados	Group
barcode01_barcode01_clean	2.695027856600458	25	Empresarial
barcode06_barcode06_clean	3.395078121203742	136	Campesina
barcode07_barcode07_clean	0.3285849280470356	4	Empresarial
barcode08_barcode08_clean	0.44442236030325205	4	Campesina
barcode09_barcode09_clean	2.827299857665263	42	Campesina
barcode10_barcode10_clean	2.2432767760674954	24	Agroecológica
barcode12_barcode12_clean	0.6104707077382878	6	Empresarial
barcode13_barcode13_clean	0.021396100385713736	2	Empresarial
barcode14_barcode14_clean	0.7527778218637418	4	Agroecológica
barcode18_barcode18_clean	0.6195521439808913	6	Agroecológica
barcode19_barcode19_clean	0.4813174933504955	6	Campesina
barcode20_barcode20_clean	0.2975430498672643	7	Campesina
barcode21_barcode21_clean	1.3618061025186805	44	Campesina
barcode23_barcode23_clean	3.4136208444095915	120	Campesina
barcode25_barcode25_clean	3.112420160001516	33	Campesina
barcode30_barcode30_clean	2.0247432251860125	31	Empresarial
barcode31_barcode31_clean	0.21357350582190812	5	Campesina
barcode33_barcode33_clean	2.7821012237551623	20	Empresarial
barcode35_barcode35_clean	0.8580501375027693	7	Campesina
barcode36_barcode36_clean	1.8947119464517335	36	Empresarial
barcode40_barcode40_clean	3.099941714141098	38	Agroecológica
barcode56_barcode56_clean	2.5567408832085965	21	Agroecológica
barcode59_barcode59_clean	2.8383654512151772	62	Campesina
barcode62_barcode62_clean	2.7426384602067335	33	Campesina
barcode63_barcode63_clean	0.48034864664128335	9	Campesina
barcode64_barcode64_clean	1.7843613108424456	11	Empresarial
barcode70_barcode70_clean	1.6240061972888011	86	Empresarial
barcode72_barcode72_clean	2.5950332372970535	25	Empresarial
