Sample	Shannon	Simpson	Chao1	Group
barcode01_barcode01_clean	2.4917022133484883	0.8837825809459896	19.0	Empresarial
barcode06_barcode06_clean	3.2659869152460903	0.9102009058917879	100.0	Campesina
barcode07_barcode07_clean	0.3302608128759565	0.13598325558494795	4.0	Empresarial
barcode08_barcode08_clean	0.44643666704105434	0.25545721638216257	3.0	Campesina
barcode09_barcode09_clean	2.779091389868535	0.8701425240108172	37.0	Campesina
barcode10_barcode10_clean	2.2952725131586473	0.8536071210510676	25.0	Agroecológica
barcode12_barcode12_clean	0.6236089429075361	0.34434424065498725	5.0	Empresarial
barcode13_barcode13_clean	0.0	0.0	1.0	Empresarial
barcode14_barcode14_clean	0.9097268617029747	0.5012654177788045	15.0	Agroecológica
barcode18_barcode18_clean	0.6235031705353912	0.31917902324654646	6.0	Agroecológica
barcode19_barcode19_clean	0.48349281400526833	0.22749476154068693	5.0	Campesina
barcode20_barcode20_clean	0.3078490137794988	0.11350749395168724	7.0	Campesina
barcode21_barcode21_clean	1.2748359112795444	0.4621922390284783	39.0	Campesina
barcode23_barcode23_clean	3.1924735460285043	0.9168977719756477	83.0	Campesina
barcode25_barcode25_clean	2.9456612723622158	0.9307818490991445	26.0	Campesina
barcode30_barcode30_clean	1.9882517401931077	0.6809216877036757	29.0	Empresarial
barcode31_barcode31_clean	0.19194602597410418	0.0736987690583305	4.0	Campesina
barcode33_barcode33_clean	3.631982277194887	0.9513234010962046	105.0	Empresarial
barcode35_barcode35_clean	0.7153045864478047	0.3603048593791337	5.0	Campesina
barcode36_barcode36_clean	1.7991697126417907	0.6726795557466625	30.0	Empresarial
barcode40_barcode40_clean	3.0324185347892585	0.9178861502714263	33.0	Agroecológica
barcode56_barcode56_clean	2.4496276555396492	0.8860534599062554	18.0	Agroecológica
barcode62_barcode62_clean	2.6848011804604868	0.878165669062705	30.0	Campesina
barcode63_barcode63_clean	0.09069860422039286	0.03561673501119045	2.0	Campesina
barcode64_barcode64_clean	2.511230048881935	0.7801118476109186	73.0	Empresarial
barcode72_barcode72_clean	2.4895971805349046	0.8575723025339417	21.0	Empresarial
