	barcode01_barcode01_clean	barcode06_barcode06_clean	barcode07_barcode07_clean	barcode08_barcode08_clean	barcode09_barcode09_clean	barcode10_barcode10_clean	barcode12_barcode12_clean	barcode13_barcode13_clean	barcode14_barcode14_clean	barcode18_barcode18_clean	barcode19_barcode19_clean	barcode20_barcode20_clean	barcode21_barcode21_clean	barcode23_barcode23_clean	barcode25_barcode25_clean	barcode30_barcode30_clean	barcode31_barcode31_clean	barcode33_barcode33_clean	barcode35_barcode35_clean	barcode36_barcode36_clean	barcode40_barcode40_clean	barcode56_barcode56_clean	barcode62_barcode62_clean	barcode63_barcode63_clean	barcode64_barcode64_clean	barcode72_barcode72_clean
barcode01_barcode01_clean	0.0	0.8779650144123124	0.9685075935628333	0.9624597366077982	0.8395461654584246	0.805667629448239	0.9685075935628333	0.9898270600203459	0.9727330429263288	0.9874183888039669	0.9685075935628336	0.9801264303764368	0.9404123965619884	0.9189333790902324	0.7833724712019062	0.8696127862889226	0.9685075935628334	0.8054773477565892	0.9685075935628334	0.9746856032258451	0.6693180754734815	0.871396419940033	0.8439509193915292	0.9716897297659953	0.8754665034427809	0.7144919947616699
barcode06_barcode06_clean	0.8779650144123124	0.0	0.7655848648434292	0.7655848648434291	0.5336703470937029	0.9173104087589027	0.7982278139328917	0.9935691318327975	0.9711229285184273	0.9895527435746181	0.9410752327645373	0.9749358213431787	0.7204615575290424	0.6499549885959173	0.68577217501177	0.6819763633608195	0.7639771478016286	0.8170213098921438	0.7329762600795617	0.9549433812788082	0.7918748470562669	0.579605155717717	0.8202795635214396	0.9754318015784468	0.6689223664358938	0.6808275314256448
barcode07_barcode07_clean	0.9685075935628333	0.7655848648434292	0.0	0.11503194565069413	0.6440337854291709	0.9703517533186822	0.7813540579695204	0.9659400556440174	0.9488460385500004	0.9635313844276385	0.9174449923195221	0.9359952802525578	0.23788165441590403	0.7822770889156119	0.8578120416081949	0.4418633860762174	0.04525486640554321	0.8945456850105649	0.18204889731865737	0.9365703656048895	0.9738219895287961	0.788131975780207	0.9861750879318741	0.9478027253896668	0.5179742294492866	0.6781279847182424
barcode08_barcode08_clean	0.9624597366077982	0.7655848648434291	0.11503194565069413	0.0	0.6361502379635029	0.9703517533186821	0.6723699692738617	0.8569559669483588	0.841998701991094	0.8545472957319799	0.8084609036238634	0.8528967501384256	0.2077254258579409	0.7767584817980738	0.8517641846531595	0.4471443736692289	0.12281449930382152	0.9204312435920912	0.07306480862299868	0.9740426783573055	0.9677741325737607	0.7418914112265588	0.9801272309768386	0.8388186366940082	0.5168816047695188	0.672080127763207
barcode09_barcode09_clean	0.8395461654584246	0.5336703470937029	0.6440337854291709	0.6361502379635029	0.0	0.890458959121848	0.7704679714553067	0.9641043651333849	0.9470103480393678	0.961695693917006	0.9132181831069256	0.9454710546437664	0.5971165758546576	0.48687649535769006	0.6624530865023159	0.5435189150887512	0.6487747109243801	0.8093696988376833	0.6303466793180595	0.9678256597307637	0.7858822616644671	0.6611463864373128	0.8037968469707167	0.9459670348790343	0.5466143625208686	0.554115936481748
barcode10_barcode10_clean	0.805667629448239	0.9173104087589027	0.9703517533186822	0.9703517533186821	0.890458959121848	0.0	0.9703517533186821	0.9811557440302974	0.9682150011819299	0.9787470728139184	0.9703517533186821	0.9714551143863881	0.9496355289691714	0.9362690162975643	0.9238883225353564	0.9679932244015741	0.9703517533186822	0.9426230598980853	0.9703517533186821	0.9814582052868656	0.796814537264458	0.9255879053129148	0.9277492731714871	0.9703517533186822	0.7810061982793278	0.8870541450145043
barcode12_barcode12_clean	0.9685075935628333	0.7982278139328917	0.7813540579695204	0.6723699692738617	0.7704679714553067	0.9703517533186821	0.0	0.2117901930274837	0.6663669975695042	0.20938152181110484	0.16329512970298807	0.2023886259187664	0.7321891723010897	0.7845089846948216	0.8433905404610302	0.8104607857005054	0.789136611622648	0.9056875172883633	0.661306932521975	0.9645375980485666	0.9594004883816312	0.7335177670344292	0.9717535867847091	0.193652862773133	0.772702577362878	0.8154140023255029
barcode13_barcode13_clean	0.9898270600203459	0.9935691318327975	0.9659400556440174	0.8569559669483588	0.9641043651333849	0.9811557440302974	0.2117901930274837	0.0	0.6823926385951452	0.187272427572793	0.12536101783512293	0.059086138058910706	0.9327257231105193	0.9853479853479854	0.9897070467141726	0.9950467833750023	0.9737226092971449	0.9908735318723081	0.8458929301964722	0.9960050696833573	0.9883653286794649	0.9257473480454045	0.9932821497120923	0.018137330254350718	0.961992136304063	1.0
barcode14_barcode14_clean	0.9727330429263288	0.9711229285184273	0.9488460385500004	0.841998701991094	0.9470103480393678	0.9682150011819299	0.6663669975695042	0.6823926385951452	0.0	0.6557015413109581	0.6567516129723989	0.6696322165934074	0.8976163371019815	0.9693223443223444	0.9726130296201556	0.9732747225867804	0.9505901645847028	0.9580965266423751	0.8202519045737259	0.943259191938511	0.9716852373920437	0.8694893761738525	0.9840383357951221	0.6674353736378801	0.9359660351256612	0.982905982905983
barcode18_barcode18_clean	0.9874183888039669	0.9895527435746181	0.9635313844276385	0.8545472957319799	0.961695693917006	0.9787470728139184	0.20938152181110484	0.187272427572793	0.6557015413109581	0.0	0.11312162763570964	0.17616255116460963	0.8507986703736726	0.9829393141316065	0.9872983754977938	0.9879600684644183	0.9631387583255888	0.9793007840542182	0.8310839062748037	0.8525973269809045	0.985956657463086	0.9233386768290255	0.9908734784957133	0.18486375635641403	0.9543409890507053	0.9975913287836211
barcode19_barcode19_clean	0.9685075935628336	0.9410752327645373	0.9174449923195221	0.8084609036238634	0.9132181831069256	0.9703517533186821	0.16329512970298807	0.12536101783512293	0.6567516129723989	0.11312162763570964	0.0	0.11891068232322564	0.8124885310653197	0.9350214201919882	0.9412119833896774	0.9418736763563019	0.9170523662174724	0.9308232732441375	0.7826063954647231	0.8995678425486421	0.9738219895287961	0.8772522847209092	0.9861750879318741	0.10722368758077223	0.9069439808878417	0.9515049366755047
barcode20_barcode20_clean	0.9801264303764368	0.9749358213431787	0.9359952802525578	0.8528967501384256	0.9454710546437664	0.9714551143863881	0.2023886259187664	0.059086138058910706	0.6696322165934074	0.17616255116460963	0.11891068232322564	0.0	0.9176827431678258	0.9684735035737901	0.9746640667714795	0.9857065789720578	0.9696633924872118	0.9475374971077709	0.8382433828396137	0.9601942304959369	0.9733223487367717	0.9107043681027112	0.9782391697693988	0.055026921248977505	0.9459080866970185	0.9959407831900668
barcode21_barcode21_clean	0.9404123965619884	0.7204615575290424	0.23788165441590403	0.2077254258579409	0.5971165758546576	0.9496355289691714	0.7321891723010897	0.9327257231105193	0.8976163371019815	0.8507986703736726	0.8124885310653197	0.9176827431678258	0.0	0.7259762076173281	0.7996369528024027	0.4256741155257762	0.24054713228938937	0.8792286882971508	0.1953250731526513	0.8853499849102326	0.9209538507841732	0.6982684287250032	0.9217802375024332	0.9145883928561686	0.484326333114814	0.6593553702357253
barcode23_barcode23_clean	0.9189333790902324	0.6499549885959173	0.7822770889156119	0.7767584817980738	0.48687649535769006	0.9362690162975643	0.7845089846948216	0.9853479853479854	0.9693223443223444	0.9829393141316065	0.9350214201919882	0.9684735035737901	0.7259762076173281	0.0	0.7321285832972713	0.5957052091737415	0.78021978021978	0.7990322421336853	0.7804455870841099	0.9740426783573053	0.8604979720772975	0.7317935021559574	0.8487802230622765	0.9672106550936347	0.6322335631272784	0.7187228843024213
barcode25_barcode25_clean	0.7833724712019062	0.68577217501177	0.8578120416081949	0.8517641846531595	0.6624530865023159	0.9238883225353564	0.8433905404610302	0.9897070467141726	0.9726130296201556	0.9872983754977938	0.9412119833896774	0.9746640667714795	0.7996369528024027	0.7321285832972713	0.0	0.8014516289063269	0.8578120416081949	0.879179420543446	0.8578120416081949	0.9740426783573053	0.7416560123572634	0.6319060918710898	0.4547288415308004	0.971569716459822	0.753656117333045	0.7035940556016042
barcode30_barcode30_clean	0.8696127862889226	0.6819763633608195	0.4418633860762174	0.4471443736692289	0.5435189150887512	0.9679932244015741	0.8104607857005054	0.9950467833750023	0.9732747225867804	0.9879600684644183	0.9418736763563019	0.9857065789720578	0.4256741155257762	0.5957052091737415	0.8014516289063269	0.0	0.4424663299750237	0.7212410545464712	0.44246632997502383	0.9640836470700889	0.8710272355900353	0.8066014094138111	0.9004541235573673	0.9769094531206519	0.5142399651556551	0.5986396422591159
barcode31_barcode31_clean	0.9685075935628334	0.7639771478016286	0.04525486640554321	0.12281449930382152	0.6487747109243801	0.9703517533186822	0.789136611622648	0.9737226092971449	0.9505901645847028	0.9631387583255888	0.9170523662174724	0.9696633924872118	0.24054713228938937	0.78021978021978	0.8578120416081949	0.4424663299750237	0.0	0.9087541804768419	0.18165627121660757	0.9658674986021283	0.9738219895287961	0.7959145294333345	0.986175087931874	0.9555852790427943	0.5294174586806575	0.6781279847182424
barcode33_barcode33_clean	0.8054773477565892	0.8170213098921438	0.8945456850105649	0.9204312435920912	0.8093696988376833	0.9426230598980853	0.9056875172883633	0.9908735318723081	0.9580965266423751	0.9793007840542182	0.9308232732441375	0.9475374971077709	0.8792286882971508	0.7990322421336853	0.879179420543446	0.7212410545464712	0.9087541804768419	0.0	0.8887529265383909	0.7758673262884263	0.8384596371674921	0.8785304351173417	0.9080117906225303	0.9727362016179574	0.8370158001532375	0.7882891549502067
barcode35_barcode35_clean	0.9685075935628334	0.7329762600795617	0.18204889731865737	0.07306480862299868	0.6303466793180595	0.9703517533186821	0.661306932521975	0.8458929301964722	0.8202519045737259	0.8310839062748037	0.7826063954647231	0.8382433828396137	0.1953250731526513	0.7804455870841099	0.8578120416081949	0.44246632997502383	0.18165627121660757	0.8887529265383909	0.0	0.9616423256520157	0.9738219895287961	0.7479392681815941	0.986175087931874	0.8277555999421216	0.5163763696328284	0.6595274532744869
barcode36_barcode36_clean	0.9746856032258451	0.9549433812788082	0.9365703656048895	0.9740426783573055	0.9678256597307637	0.9814582052868656	0.9645375980485666	0.9960050696833573	0.943259191938511	0.8525973269809045	0.8995678425486421	0.9601942304959369	0.8853499849102326	0.9740426783573053	0.9740426783573053	0.9640836470700889	0.9658674986021283	0.7758673262884263	0.9616423256520157	0.0	0.9814617305326886	0.9501429544403334	0.9888980079031393	0.977867739429007	0.9530727065970136	0.9780376086739482
barcode40_barcode40_clean	0.6693180754734815	0.7918748470562669	0.9738219895287961	0.9677741325737607	0.7858822616644671	0.796814537264458	0.9594004883816312	0.9883653286794649	0.9716852373920437	0.985956657463086	0.9738219895287961	0.9733223487367717	0.9209538507841732	0.8604979720772975	0.7416560123572634	0.8710272355900353	0.9738219895287961	0.8384596371674921	0.9738219895287961	0.9814617305326886	0.0	0.7578131668657168	0.7257298563888666	0.973821989528796	0.8529332409225773	0.6996143882032326
barcode56_barcode56_clean	0.871396419940033	0.579605155717717	0.788131975780207	0.7418914112265588	0.6611463864373128	0.9255879053129148	0.7335177670344292	0.9257473480454045	0.8694893761738525	0.9233386768290255	0.8772522847209092	0.9107043681027112	0.6982684287250032	0.7317935021559574	0.6319060918710898	0.8066014094138111	0.7959145294333345	0.8785304351173417	0.7479392681815941	0.9501429544403334	0.7578131668657168	0.0	0.792024912023031	0.907610017791054	0.6813720149022321	0.6746669713332548
barcode62_barcode62_clean	0.8439509193915292	0.8202795635214396	0.9861750879318741	0.9801272309768386	0.8037968469707167	0.9277492731714871	0.9717535867847091	0.9932821497120923	0.9840383357951221	0.9908734784957133	0.9861750879318741	0.9782391697693988	0.9217802375024332	0.8487802230622765	0.4547288415308004	0.9004541235573673	0.986175087931874	0.9080117906225303	0.986175087931874	0.9888980079031393	0.7257298563888666	0.792024912023031	0.0	0.986175087931874	0.878544532752564	0.8163301909946369
barcode63_barcode63_clean	0.9716897297659953	0.9754318015784468	0.9478027253896668	0.8388186366940082	0.9459670348790343	0.9703517533186822	0.193652862773133	0.018137330254350718	0.6674353736378801	0.18486375635641403	0.10722368758077223	0.055026921248977505	0.9145883928561686	0.9672106550936347	0.971569716459822	0.9769094531206519	0.9555852790427943	0.9727362016179574	0.8277555999421216	0.977867739429007	0.973821989528796	0.907610017791054	0.986175087931874	0.0	0.9438548060497124	0.9818626697456494
barcode64_barcode64_clean	0.8754665034427809	0.6689223664358938	0.5179742294492866	0.5168816047695188	0.5466143625208686	0.7810061982793278	0.772702577362878	0.961992136304063	0.9359660351256612	0.9543409890507053	0.9069439808878417	0.9459080866970185	0.484326333114814	0.6322335631272784	0.753656117333045	0.5142399651556551	0.5294174586806575	0.8370158001532375	0.5163763696328284	0.9530727065970136	0.8529332409225773	0.6813720149022321	0.878544532752564	0.9438548060497124	0.0	0.555959500526117
barcode72_barcode72_clean	0.7144919947616699	0.6808275314256448	0.6781279847182424	0.672080127763207	0.554115936481748	0.8870541450145043	0.8154140023255029	1.0	0.982905982905983	0.9975913287836211	0.9515049366755047	0.9959407831900668	0.6593553702357253	0.7187228843024213	0.7035940556016042	0.5986396422591159	0.6781279847182424	0.7882891549502067	0.6595274532744869	0.9780376086739482	0.6996143882032326	0.6746669713332548	0.8163301909946369	0.9818626697456494	0.555959500526117	0.0
